File,Author,Creator,Producer,Subject,Title,PageCount,Comment
/Users/Tim/Code/Github/BMPStaging/W3C Link Checker_ https___tsmcgrath.github.io_BMPStaging_.pdf,,"Mozilla/5.0 (Macintosh; Intel Mac OS X 10_13_6) AppleWebKit/537.36 (KHTML, like Gecko) Chrome/80.0.3987.163 Safari/537.36",Skia/PDF m80,,,17,
/Users/Tim/Code/Github/BMPStaging/W3C Link Checker_20200412_ https___tsmcgrath.github.io_BMPStaging_.pdf,,"Mozilla/5.0 (Macintosh; Intel Mac OS X 10_13_6) AppleWebKit/537.36 (KHTML, like Gecko) Chrome/80.0.3987.163 Safari/537.36",Skia/PDF m80,,,22,
/Users/Tim/Code/Github/BMPStaging/BMPpdfs/01689_UMassExtensionPesticides.pdf,Madelaine Smith,PScript5.dll Version 5.2.2,Acrobat Distiller 9.3.2 (Windows),,Microsoft Word - Cranberry BMPs 6 July.doc,8,
/Users/Tim/Code/Github/BMPStaging/BMPpdfs/01610_to_01613_WC_Streambank_Stabilization.pdf,ploofal,PScript5.dll Version 5.2.2,Acrobat Distiller 6.0 (Windows),,Microsoft Word - WC Streambank Stabilization.doc,3,
/Users/Tim/Code/Github/BMPStaging/BMPpdfs/00035_linedwaterway.pdf,aismac,PageMaker 6.5,Acrobat Distiller 3.01 for Power Macintosh,,linedwaterway,2,
/Users/Tim/Code/Github/BMPStaging/BMPpdfs/00121_lunkerstruct.pdf,aismac,PageMaker 6.5,Acrobat Distiller 3.01 for Power Macintosh,,lunkerstruct,2,
/Users/Tim/Code/Github/BMPStaging/BMPpdfs/00706_DOT.pdf,FHWA,PScript5.dll Version 5.2.2,Acrobat Distiller 7.0.5 (Windows),,Design for Fish Passage at Roadway-Stream Crossings: Synthesis Report,280,
/Users/Tim/Code/Github/BMPStaging/BMPpdfs/00076_reversed_elev.pdf,aismac,PageMaker 6.5,Acrobat Distiller 3.01 for Power Macintosh,,reversed_elev,2,
/Users/Tim/Code/Github/BMPStaging/BMPpdfs/00717_RiparianBuffer.PDF,,,,,,,An exception occured
/Users/Tim/Code/Github/BMPStaging/BMPpdfs/00099_migrationbarrier.pdf,aismac,PageMaker 6.5,Acrobat Distiller 3.01 for Power Macintosh,,migrationbarrier,2,
/Users/Tim/Code/Github/BMPStaging/BMPpdfs/00125_reedbanks.pdf,aismac,PageMaker 6.5,Acrobat Distiller 3.01 for Power Macintosh,,reedbanks,2,
/Users/Tim/Code/Github/BMPStaging/BMPpdfs/00049_drywell.pdf,aismac,PageMaker 6.5,Acrobat Distiller 3.01 for Power Macintosh,,drywell,1,
/Users/Tim/Code/Github/BMPStaging/BMPpdfs/00039_natrevege_trees.pdf,aismac,PageMaker 6.5,Acrobat Distiller 3.01 for Power Macintosh,,natrevege_trees,2,
/Users/Tim/Code/Github/BMPStaging/BMPpdfs/01354_PennStateBufferWildlfie.pdf,,Adobe InDesign CS5 (7.0.3),Adobe PDF Library 9.9,,,8,
/Users/Tim/Code/Github/BMPStaging/BMPpdfs/00921_soilSystems.pdf,,,,,,,An exception occured
/Users/Tim/Code/Github/BMPStaging/BMPpdfs/00095_halflog.pdf,aismac,PageMaker 6.5,Acrobat Distiller 3.01 for Power Macintosh,,halflog,1,
/Users/Tim/Code/Github/BMPStaging/BMPpdfs/00056_smallinfilbasin.pdf,aismac,PageMaker 6.5,Acrobat Distiller 3.01 for Power Macintosh,,smallinfilbasin,1,
/Users/Tim/Code/Github/BMPStaging/BMPpdfs/01334_OhioEvergreen.pdf,NR733G3,Adobe PageMaker 6.52,Acrobat Distiller 3.0 for Power Macintosh,,stfs12,8,
/Users/Tim/Code/Github/BMPStaging/BMPpdfs/00069_offlineinfilt.pdf,aismac,PageMaker 6.5,Acrobat Distiller 3.01 for Power Macintosh,,offlineinfilt,2,
/Users/Tim/Code/Github/BMPStaging/BMPpdfs/00029_critareaplant.pdf,aismac,PageMaker 6.5,Acrobat Distiller 3.01 for Power Macintosh,,critareaplant,4,
/Users/Tim/Code/Github/BMPStaging/BMPpdfs/00028_concreteblkrevet.pdf,aismac,PageMaker 6.5,Acrobat Distiller 3.01 for Power Macintosh,,concreteblkrevet,1,
/Users/Tim/Code/Github/BMPStaging/BMPpdfs/00002_constrentrance.pdf,aismac,PageMaker 6.5,Acrobat Distiller 3.01 for Power Macintosh,,constrentrance,2,
/Users/Tim/Code/Github/BMPStaging/BMPpdfs/00429_TCEQTMDL.pdf,TCEQ,,Acrobat Distiller 7.0.5 for Macintosh,,"GI-351, Preserving and Improving Water Quality",28,
/Users/Tim/Code/Github/BMPStaging/BMPpdfs/01973_EPAhealthywatersheds.pdf,U.S. EPA,Adobe InDesign CS3 (5.0.4),Adobe PDF Library 8.0,healthy watersheds,Identifying and Protecting Healthy Watersheds,256,
/Users/Tim/Code/Github/BMPStaging/BMPpdfs/00109_brushlayer.pdf,aismac,PageMaker 6.5,Acrobat Distiller 3.01 for Power Macintosh,,brushlayer,2,
/Users/Tim/Code/Github/BMPStaging/BMPpdfs/01784_to_01834_CaliforniaConstruction.pdf,,,,,,,An exception occured
/Users/Tim/Code/Github/BMPStaging/BMPpdfs/01996_WashingtonFishway.pdf,Randy Kreuziger,Microsoft Word ,Acrobat PDFWriter 3.0 for Windows,,fishways.PDF,57,
/Users/Tim/Code/Github/BMPStaging/BMPpdfs/00484_svapfnl.pdf,NPSS54(Mattinson),Adobe PageMaker 6.5,Acrobat Distiller 3.01 for Power Macintosh,Stream Cover,Stream Cover,42,
/Users/Tim/Code/Github/BMPStaging/BMPpdfs/01738_CenterForAgroForestry.pdf,,Adobe InDesign CS (3.0),Adobe PDF Library 6.0,,TMJan3 copy.indd,20,
/Users/Tim/Code/Github/BMPStaging/BMPpdfs/00013_concretegrid.pdf,aismac,PageMaker 6.5,Acrobat Distiller 3.01 for Power Macintosh,,concretegrid,2,
/Users/Tim/Code/Github/BMPStaging/BMPpdfs/01200_to_01208_MissouriForest.pdf,,,,,,,An exception occured
/Users/Tim/Code/Github/BMPStaging/BMPpdfs/00433_to_00473_TXForestService.pdf,Chris Duncan,Acrobat PDFMaker 9.1 for Word,Adobe PDF Library 9.0,,,123,
/Users/Tim/Code/Github/BMPStaging/BMPpdfs/00116_livecribwall.pdf,aismac,PageMaker 6.5,Acrobat Distiller 3.01 for Power Macintosh,,livecribwall,2,
/Users/Tim/Code/Github/BMPStaging/BMPpdfs/01739_compostNercOrg.pdf,marias,Corel WordPerfect - [K:\Recycle\Vicky\Farmuse3col.WPD (Read-Only - unmodified)],Acrobat PDFWriter 4.0 for Windows NT,,K:\Recycle\Vicky\Farmuse3col.PDF,2,
/Users/Tim/Code/Github/BMPStaging/BMPpdfs/00068_medianstripinfil.pdf,aismac,PageMaker 6.5,Acrobat Distiller 3.01 for Power Macintosh,,medianstripinfil,1,
/Users/Tim/Code/Github/BMPStaging/BMPpdfs/00479_boulderclusters.pdf,u4ercvld,Microsoft Word ,Acrobat PDFWriter 4.0 for Windows,,BOULDTN1.PDF,6,
/Users/Tim/Code/Github/BMPStaging/BMPpdfs/01733_AlaskaGravel.pdf,Stephanie Pingree,Acrobat PDFMaker 6.0 for Word,Acrobat Distiller 6.0.1 (Windows),,Gravel Pit BMPs,43,
/Users/Tim/Code/Github/BMPStaging/BMPpdfs/01399_Soil_Stabilization_Pricing_CA.pdf,sullivanj,PScript5.dll Version 5.2,Acrobat Distiller 6.0 (Windows),,Microsoft Word - SSBMPresearchDraft_073007_vt_mh.doc,23,
/Users/Tim/Code/Github/BMPStaging/BMPpdfs/00950_VirginiaLivestockExclusion.pdf,"HyperGEAR,Inc.","HyperGEAR,Inc.",HyperGEAR PDF Make Library,,,4,
/Users/Tim/Code/Github/BMPStaging/BMPpdfs/01421_Streambank_armor_protection.pdf,,Adobe InDesign CS2 (4.0.2),Adobe PDF Library 7.0,,Technical Supplement 14K--Streambank Armor Protection with Stone Structures,22,
/Users/Tim/Code/Github/BMPStaging/BMPpdfs/01701_SubdivisionDesignCritique.pdf,Randall Arendt,Acrobat PDFMaker 9.0 for Word,Adobe PDF Library 9.0,,,6,
/Users/Tim/Code/Github/BMPStaging/BMPpdfs/01638_BoulderColoradoChemical.pdf,kjones,PScript5.dll Version 5.2.2,Acrobat Distiller 9.0.0 (Windows),,Microsoft Word - Pesticide and Fertilizer Application SOP.doc,3,
/Users/Tim/Code/Github/BMPStaging/BMPpdfs/01344_OhioRipRap.pdf,NR733G3,Adobe PageMaker 6.5,Acrobat Distiller 3.02 for Power Macintosh,stfs16,stfs16,2,
/Users/Tim/Code/Github/BMPStaging/BMPpdfs/01387_RevegdocLosLunasLab.pdf,sanka.chen,PScript5.dll Version 5.2.2,Acrobat Distiller 6.0.1 (Windows),,Microsoft Word - Seeding Xeric Riparian Sites.doc,8,
/Users/Tim/Code/Github/BMPStaging/BMPpdfs/00102_treecover.pdf,aismac,PageMaker 6.5,Acrobat Distiller 3.01 for Power Macintosh,,treecover,2,
/Users/Tim/Code/Github/BMPStaging/BMPpdfs/00092_cobbleliners.pdf,aismac,PageMaker 6.5,Acrobat Distiller 3.01 for Power Macintosh,,cobbleliners,1,
/Users/Tim/Code/Github/BMPStaging/BMPpdfs/00115_jacksjack.pdf,aismac,PageMaker 6.5,Acrobat Distiller 3.01 for Power Macintosh,,jacksjack,2,
/Users/Tim/Code/Github/BMPStaging/BMPpdfs/01754_ipm.pdf,"Rex Dufour, July 2001",Adobe PageMaker 6.52,Acrobat Distiller 4.05 for Windows,"This publication provides the rationale for biointensive Integrated Pest Management (IPM), outlines the concepts and tools of biointensive IPM, and suggests steps and provides informational resources for implementing IPM.",Biointensive Integrated Pest Management (IPM) ~ PDF,52,
/Users/Tim/Code/Github/BMPStaging/BMPpdfs/01423_streamsideexcl.pdf,ezabronsky,PScript5.dll Version 5.2,Acrobat Distiller 7.0.5 (Windows),,Stream brochure_final.qxp,20,
/Users/Tim/Code/Github/BMPStaging/BMPpdfs/00112_dormantposts.pdf,aismac,PageMaker 6.5,Acrobat Distiller 3.01 for Power Macintosh,,dormantposts,2,
/Users/Tim/Code/Github/BMPStaging/BMPpdfs/00912_grazing.pdf,,Adobe InDesign CS3 (5.0),Adobe PDF Library 8.0,,,3,
/Users/Tim/Code/Github/BMPStaging/BMPpdfs/00421_to_00428_Land_Mgt_Tips_Small_Ranches_Texas_comp.pdf,,HP PDF Formatter version 1.0.0.229,Acrobat Distiller 6.0.1 (Windows),,untitled,20,
/Users/Tim/Code/Github/BMPStaging/BMPpdfs/01599_Checkdam.pdf,jzm,Adobe PageMaker 6.52,Acrobat Distiller 4.0 for Windows,Sediment Control,Check Dams,7,
/Users/Tim/Code/Github/BMPStaging/BMPpdfs/00075_pocketsandfilter.pdf,aismac,PageMaker 6.5,Acrobat Distiller 3.01 for Power Macintosh,,pocketsandfilter,2,
/Users/Tim/Code/Github/BMPStaging/BMPpdfs/00369_conservation_easement_handbook_2010.pdf,,Adobe InDesign CS3 (5.0.4),Adobe PDF Library 8.0,,,40,
/Users/Tim/Code/Github/BMPStaging/BMPpdfs/00487_channelprocessesclassificationandresponse.pdf,,Capture Reviewer 2.01,Acrobat PDFWriter 3.03 for Windows,,,30,
/Users/Tim/Code/Github/BMPStaging/BMPpdfs/00048_divstruct_flowsplit.pdf,aismac,PageMaker 6.5,Acrobat Distiller 3.01 for Power Macintosh,,divstruct_flowsplit,1,
/Users/Tim/Code/Github/BMPStaging/BMPpdfs/00022_min_pollutants.pdf,aismac,PageMaker 6.5,Acrobat Distiller 3.01 for Power Macintosh,,min_pollutants,1,
/Users/Tim/Code/Github/BMPStaging/BMPpdfs/01697_EconomicsofCSD.pdf,,Corel Ventura 10,Acrobat Distiller 6.0 (Windows),,UAR282183.vp,24,
/Users/Tim/Code/Github/BMPStaging/BMPpdfs/00007_tempseeding.pdf,aismac,PageMaker 6.5,Acrobat Distiller 3.01 for Power Macintosh,,tempseeding,2,
/Users/Tim/Code/Github/BMPStaging/BMPpdfs/01433_UDFCDdikesSwales.pdf,Galene Bushor,Acrobat PDFMaker 9.1 for Word,Adobe PDF Library 9.0,,NONSTRUCTURAL BEST MANAGEMENT PRACTICES,5,
/Users/Tim/Code/Github/BMPStaging/BMPpdfs/00760_to_00806_AustralianStreamRehabilitationManualvol2.pdf,,,,,,,An exception occured
/Users/Tim/Code/Github/BMPStaging/BMPpdfs/01010_thesis.pdf,USDA Forest Service - Rocky Mountain Research Station,Adobe InDesign 2.0.1,,RMRS-GTR-203: Appendix C,Riparian buffer design guidelines for water quality and wildlife habitat functions on agricultural landscapes in the Intermountain Wes,60,
/Users/Tim/Code/Github/BMPStaging/BMPpdfs/00477_streambankhabitatenhancement.pdf,u4ercvld,Microsoft Word ,Acrobat PDFWriter 4.0 for Windows,,LWDtn2.PDF,15,
/Users/Tim/Code/Github/BMPStaging/BMPpdfs/00992_LitBuffer.pdf,valerie,1LitBufferDesign8-7-00 - Microsoft Word,Acrobat PDFWriter 4.05 for Windows NT,,1LitBufferDesign8-7-00.PDF,17,
/Users/Tim/Code/Github/BMPStaging/BMPpdfs/00929_to_00933_VirginiaForestryA1.pdf,User,PScript5.dll Version 5.2,Acrobat Distiller 5.0 (Windows),,wq-BMP-Append-A1.pdf,12,
/Users/Tim/Code/Github/BMPStaging/BMPpdfs/00715_UofGeorgia.pdf,Seth Wenger,Adobe PageMaker 6.5,Acrobat Distiller 3.0 for Power Macintosh,,Riparian Buffer Literature Review,59,
/Users/Tim/Code/Github/BMPStaging/BMPpdfs/01769_PennStatecroprotat.pdf,Lana,Acrobat PDFMaker 5.0 for Word,Acrobat Distiller 5.0.5 (Windows),,?,2,
/Users/Tim/Code/Github/BMPStaging/BMPpdfs/01779_TCEQWell.pdf,TCEQ,Acrobat PDFMaker 9.1 for Word,Acrobat Distiller 9.0.0 (Windows),Description for Publications Catalog,Landowner’s Guide to Plugging Abandoned Water Wells,24,
/Users/Tim/Code/Github/BMPStaging/BMPpdfs/00316_newconbuf.pdf,NPSS54(Mattinson),Adobe PageMaker 6.5,Acrobat Distiller 4.0 for Macintosh,contil1,contil1,25,
/Users/Tim/Code/Github/BMPStaging/BMPpdfs/01774_soiltest.pdf,,,,,,,An exception occured
/Users/Tim/Code/Github/BMPStaging/BMPpdfs/00719_RiparianSetbaacks.pdf,Linda,PScript5.dll Version 5.2,Acrobat Distiller 6.0.1 (Windows),,Microsoft Word - Why Riparian Setbacks_January 2006 _2_.doc,5,
/Users/Tim/Code/Github/BMPStaging/BMPpdfs/00474_reconnectionfloodplainsincisedchannels.pdf,u4ercvld,Microsoft Word ,Acrobat PDFWriter 4.0 for Windows,,Reconnection_SR-09_1.PDF,11,
/Users/Tim/Code/Github/BMPStaging/BMPpdfs/00130_streambarbs.pdf,aismac,PageMaker 6.5,Acrobat Distiller 3.01 for Power Macintosh,,streambarbs,2,
/Users/Tim/Code/Github/BMPStaging/BMPpdfs/01730_AgComposting.pdf,,Acrobat PDFMaker 6.0 for Word,Acrobat Distiller 6.0 (Windows),,05-023 - Agricultural Composting Basics,8,
/Users/Tim/Code/Github/BMPStaging/BMPpdfs/01614_to01624_StreamStabilization.pdf,NYSDEC,Acrobat PDFMaker 8.1 for Word,Acrobat Distiller 8.1.0 (Windows),techniques for Shoreline Stabilization,Shoreline Stabilization Techniques,19,
/Users/Tim/Code/Github/BMPStaging/BMPpdfs/00432_TPWDLIP.pdf,,Adobe InDesign CS4 (6.0.4),Adobe PDF Library 9.0,,,2,
/Users/Tim/Code/Github/BMPStaging/BMPpdfs/00315_saltcedar.pdf,,Adobe InDesign CS3 (5.0.4),Adobe PDF Library 8.0,,,6,
/Users/Tim/Code/Github/BMPStaging/BMPpdfs/00430e_RiparianFerns&Vines.pdf,,Adobe InDesign CS3 (5.0.2),Adobe PDF Library 8.0,,,5,
/Users/Tim/Code/Github/BMPStaging/BMPpdfs/00497_to_00506_Best_Practices_Workbook_FINAL_2010.pdf,,QuarkXPress(R) 7.5,QuarkXPress(R) 7.5,,Layout 1,144,
/Users/Tim/Code/Github/BMPStaging/BMPpdfs/01729_USDAAlley.pdf,rdee,PScript5.dll Version 5.2,Acrobat Distiller 5.0 (Windows),,fallwinter0102.qxd,12,
/Users/Tim/Code/Github/BMPStaging/BMPpdfs/01058_to_01095_CADevelopmentHandbook.pdf,,,,,,,An exception occured
/Users/Tim/Code/Github/BMPStaging/BMPpdfs/00940_to_00942_VirginiaForestryA3.pdf,User,PScript5.dll Version 5.2,Acrobat Distiller 5.0 (Windows),,wq-BMP-Append-A3.pdf,12,
/Users/Tim/Code/Github/BMPStaging/BMPpdfs/00058_wet_an_habitat.pdf,aismac,PageMaker 6.5,Acrobat Distiller 3.01 for Power Macintosh,,wet_an_habitat,2,
/Users/Tim/Code/Github/BMPStaging/BMPpdfs/00107_bankshaping.pdf,aismac,PageMaker 6.5,Acrobat Distiller 3.01 for Power Macintosh,,bankshaping,1,
/Users/Tim/Code/Github/BMPStaging/BMPpdfs/00711_TPWDconservationeasements.pdf,Texas Parks & Wildlife Department,QuarkXPress.: LaserWriter 8 8.7.1,Acrobat Distiller 5.0.5 for Macintosh,,Conservation Easements: A Guide for Texas Landowners,38,
/Users/Tim/Code/Github/BMPStaging/BMPpdfs/01098_DNR_MD_streamrestoration.pdf,Dorothy Kennedy,QuarkXPressª 4.1: AdobePS 8.7.2 (104),Acrobat Distiller 5.0 for Macintosh,,MDES BROCHURE,6,
/Users/Tim/Code/Github/BMPStaging/BMPpdfs/00083_undergrtrench.pdf,aismac,PageMaker 6.5,Acrobat Distiller 3.01 for Power Macintosh,,undergrtrench,2,
/Users/Tim/Code/Github/BMPStaging/BMPpdfs/01773_soilresults.pdf,,,Acrobat Distiller 3.0 for Macintosh,,Interpretation of Soil Test Results,12,
/Users/Tim/Code/Github/BMPStaging/BMPpdfs/00430c_RiparianTrees.pdf,,Adobe InDesign CS3 (5.0.2),Adobe PDF Library 8.0,,,16,
/Users/Tim/Code/Github/BMPStaging/BMPpdfs/00046_dispersiontrench.pdf,aismac,PageMaker 6.5,Acrobat Distiller 3.01 for Power Macintosh,,dispersiontrench,2,
/Users/Tim/Code/Github/BMPStaging/BMPpdfs/01997_WashingtonRoadImpoundedWetlands.pdf,www,PScript5.dll Version 5.2,http://createpdf.adobe.com V5.1,,Microsoft Word - 3F85DC15-51CC-100765.doc,12,
/Users/Tim/Code/Github/BMPStaging/BMPpdfs/01326_NRCS_streamexample.pdf,,Adobe InDesign CS2 (4.0.2),Adobe PDF Library 7.0,,"Case Study 15--Streambank Stabilization in the Guadalupe River Basin, Santa Clara County, CA",8,
/Users/Tim/Code/Github/BMPStaging/BMPpdfs/01749_FoodWasteCompost.pdf,global,Acrobat PDFMaker 7.0 for Word,Acrobat Distiller 7.0 (Windows),,URBAN FOOD WASTE COMPOSTING,115,
/Users/Tim/Code/Github/BMPStaging/BMPpdfs/00055_parklotstorage.pdf,aismac,PageMaker 6.5,Acrobat Distiller 3.01 for Power Macintosh,,parklotstorage,1,
/Users/Tim/Code/Github/BMPStaging/BMPpdfs/00548_to_00557_Maintaining_stormwatersystems.pdf,,,Acrobat Distiller 7.0.5 (Windows),,untitled,38,
/Users/Tim/Code/Github/BMPStaging/BMPpdfs/01725_OklahomaForestryStreamCrossings.pdf,ggeissler,PScript5.dll Version 5.2,GPL Ghostscript 8.15,,"Microsoft Word - Forestry Note, Introduction to Road Stream Crossings.doc",4,
/Users/Tim/Code/Github/BMPStaging/BMPpdfs/00709_riparian.pdf,,,,,,,An exception occured
/Users/Tim/Code/Github/BMPStaging/BMPpdfs/01723_CrossingRemovals.pdf,,,,,,,An exception occured
/Users/Tim/Code/Github/BMPStaging/BMPpdfs/00887_to_00910_KSUInformationSigns.pdf,,Adobe InDesign CS2 (4.0.5),Adobe PDF Library 7.0,,,24,
/Users/Tim/Code/Github/BMPStaging/BMPpdfs/00073_peatsandfilter.pdf,aismac,PageMaker 6.5,Acrobat Distiller 3.01 for Power Macintosh,,peatsandfilter,1,
/Users/Tim/Code/Github/BMPStaging/BMPpdfs/00928_USDAGrazingIntermountainRegion.pdf,USDA Forest Service - Rocky Mountain Research Station,Adobe Acrobat 6.0,Adobe Acrobat 6.0 Paper Capture Plug-in,INT-GTR-263,Managing grazing of riparian areas in the lntermountain Region,15,
/Users/Tim/Code/Github/BMPStaging/BMPpdfs/00911_westernRiparianplant.pdf,anne.derting,Acrobat PDFMaker 9.1 for Word,Acrobat Distiller 9.0.0 (Windows),,TECHNICAL NOTES,12,
/Users/Tim/Code/Github/BMPStaging/BMPpdfs/00370_to_00380_AgriLife Wetland.pdf,Art1,Adobe InDesign CS2 (4.0.5),Acrobat Distiller 7.0.5 for Macintosh,,80395 Wetland & Construction.indd,23,
/Users/Tim/Code/Github/BMPStaging/BMPpdfs/01766_OKGravel.pdf,m5perarc,PScript5.dll Version 5.2.2,Acrobat Distiller 9.3.0 (Windows),,Microsoft Word - Guid-Sand 2010 Revision Final.doc,8,
/Users/Tim/Code/Github/BMPStaging/BMPpdfs/00023_parklotscleaning.pdf,aismac,PageMaker 6.5,Acrobat Distiller 3.01 for Power Macintosh,,parklotscleaning,1,
/Users/Tim/Code/Github/BMPStaging/BMPpdfs/00319_to_00328_Stewardship_Education.pdf,,Adobe InDesign CS2 (4.0.5),Adobe PDF Library 7.0,,,40,
/Users/Tim/Code/Github/BMPStaging/BMPpdfs/01759_manure_management_handbook.pdf,Athena Lee Bradley,Acrobat PDFMaker 8.1 for Word,Acrobat Distiller 8.1.0 (Windows),,Manure Management Handbook,27,
/Users/Tim/Code/Github/BMPStaging/BMPpdfs/00960_riparian_wetlands_guide_book.pdf,t281boyl,PScript5.dll Version 5.2,Acrobat Distiller 6.0.1 (Windows),,ReparianWetlandsGuide1sided.FH10,16,
/Users/Tim/Code/Github/BMPStaging/BMPpdfs/01424_Sugarland.pdf,robert valenzuela,Microsoft® Office Word 2007,Microsoft® Office Word 2007,,,12,
/Users/Tim/Code/Github/BMPStaging/BMPpdfs/01979_MaineDOTFishPassage.pdf,Charles.Hebson,PScript5.dll Version 5.2.2,GPL Ghostscript 8.15,,Microsoft Word - Design Guide Draft 07-1807.doc,61,
/Users/Tim/Code/Github/BMPStaging/BMPpdfs/01688_ScotlandPollution.pdf,,QuarkXPress(R) 7.01,QuarkXPress(R) 7.01,,Layout 1,2,
/Users/Tim/Code/Github/BMPStaging/BMPpdfs/01346_OhioWood.pdf,NR733G3,Adobe PageMaker 6.5,Acrobat Distiller 4.05 for Macintosh,,stfs21,2,
/Users/Tim/Code/Github/BMPStaging/BMPpdfs/01341_OhioFacines.pdf,,,Acrobat Distiller 3.0 for Power Macintosh,,,4,
/Users/Tim/Code/Github/BMPStaging/BMPpdfs/01780_testing.pdf,,Adobe InDesign 2.0.2,Adobe PDF Library 5.0,,WQ_43,12,
/Users/Tim/Code/Github/BMPStaging/BMPpdfs/00118_liveslopegrating.pdf,aismac,PageMaker 6.5,Acrobat Distiller 3.01 for Power Macintosh,,liveslopegrating,2,
/Users/Tim/Code/Github/BMPStaging/BMPpdfs/00085_wqv_stor_tank.pdf,aismac,PageMaker 6.5,Acrobat Distiller 3.01 for Power Macintosh,,wqv-stor-tank,2,
/Users/Tim/Code/Github/BMPStaging/BMPpdfs/01215_Mtg_unimelb_edu_au.pdf,,,,,,,An exception occured
/Users/Tim/Code/Github/BMPStaging/BMPpdfs/01976_hopkins_and_mcgillicuddy.pdf,Matt Hamilton,PScript5.dll Version 5.2.2,Acrobat Distiller 8.1.0 (Windows),,Microsoft Word - Project,12,
/Users/Tim/Code/Github/BMPStaging/BMPpdfs/01988_RedcedarOklahoma.pdf,scolton,PScript5.dll Version 5.2,Acrobat Distiller 5.0 (Windows),,Microsoft Word - Redcedar Strategy to Printer.doc,57,
/Users/Tim/Code/Github/BMPStaging/BMPpdfs/00367_livegully.pdf,aismac,PageMaker 6.5,Acrobat Distiller 3.01 for Power Macintosh,,livegully,1,
/Users/Tim/Code/Github/BMPStaging/BMPpdfs/01685_MinnesotaWellheadProtection.pdf,Zachmann,Acrobat PDFMaker 5.0 for Word,Acrobat Distiller 5.0.5 (Windows),,Cultivation of agricultural crops in wellhead protection (WHP) areas may pose a contamination risk to public drinking wat...,15,
/Users/Tim/Code/Github/BMPStaging/BMPpdfs/01600_CropRotation_Neon_Cornell_edu.pdf,Chuck Mohler,Acrobat PDFMaker 6.0 for Word,Acrobat Distiller 6.0 (Windows),,1,23,
/Users/Tim/Code/Github/BMPStaging/BMPpdfs/00757_to_00758_AnIntegratedFrameworktoRestoreSmallUrbanWatersheds.pdf,,,,,,,An exception occured
/Users/Tim/Code/Github/BMPStaging/BMPpdfs/00027_checkdam.pdf,aismac,PageMaker 6.5,Acrobat Distiller 3.01 for Power Macintosh,,checkdam,4,
/Users/Tim/Code/Github/BMPStaging/BMPpdfs/00963_why_riparian_setbacks.pdf,Linda,PScript5.dll Version 5.2,Acrobat Distiller 6.0.1 (Windows),,Microsoft Word - Why Riparian Setbacks_January 2006 _2_.doc,5,
/Users/Tim/Code/Github/BMPStaging/BMPpdfs/00103_channelblock.pdf,aismac,PageMaker 6.5,Acrobat Distiller 3.01 for Power Macintosh,,channelblock,2,
/Users/Tim/Code/Github/BMPStaging/BMPpdfs/01150_LIPSpring2011.pdf,,Adobe InDesign CS4 (6.0.6),Adobe PDF Library 9.0,,,20,
/Users/Tim/Code/Github/BMPStaging/BMPpdfs/01435_USArmyAlaska.pdf,,,,,,,An exception occured
/Users/Tim/Code/Github/BMPStaging/BMPpdfs/00093_fishpassages.pdf,aismac,PageMaker 6.5,Acrobat Distiller 3.01 for Power Macintosh,,fishpassages,1,
/Users/Tim/Code/Github/BMPStaging/BMPpdfs/00952_to_00954_ChagrinModels.pdf,,Adobe Acrobat 6.0,Acrobat Distiller 6.0.1 (Windows),,,82,
/Users/Tim/Code/Github/BMPStaging/BMPpdfs/00490_stabilitythresholds.pdf,u4ercvld,Microsoft Word ,Acrobat PDFWriter 4.0 for Windows,,sr29.PDF,10,
/Users/Tim/Code/Github/BMPStaging/BMPpdfs/01335_to_01340_OhioExt_RiparianLivestock.pdf,,Adobe InDesign CS (3.0),Adobe PDF Library 6.0,,LS4_feb17.indd,6,
/Users/Tim/Code/Github/BMPStaging/BMPpdfs/01347_to_01350_OklahomaForestry.pdf,ggeissler,PScript5.dll Version 5.2,GPL Ghostscript 8.15,,Microsoft Word - Oklahoma Forestry BMPS 2008.doc,23,
/Users/Tim/Code/Github/BMPStaging/BMPpdfs/00003_constsequence.pdf,aismac,PageMaker 6.5,Acrobat Distiller 3.01 for Power Macintosh,,constsequence,3,
/Users/Tim/Code/Github/BMPStaging/BMPpdfs/00060_bioretentsys.pdf,aismac,PageMaker 6.5,Acrobat Distiller 3.01 for Power Macintosh,,bioretentsys,2,
/Users/Tim/Code/Github/BMPStaging/BMPpdfs/00943_to_00946_VirginiaForestryA4.pdf,User,PScript5.dll Version 5.2,Acrobat Distiller 5.0 (Windows),,wq-BMP-Append-A4.pdf,14,
/Users/Tim/Code/Github/BMPStaging/BMPpdfs/00922_Riparian_Setback_Ordinance.pdf,t269vidr,PScript5.dll Version 5.2.2,Acrobat Distiller 5.0.5 (Windows),,Microsoft Word - RipWet Ordinance 1-27-06.doc,19,
/Users/Tim/Code/Github/BMPStaging/BMPpdfs/00716_riparian.pdf,,,,,,14,
/Users/Tim/Code/Github/BMPStaging/BMPpdfs/01345_OhioTreesDitches.pdf,NR733G3,Adobe PageMaker 6.52,Acrobat Distiller 3.0 for Power Macintosh,,stfs08,2,
/Users/Tim/Code/Github/BMPStaging/BMPpdfs/01764_NRCSalleyjob.pdf,Wendy,Adobe PageMaker 6.5,Acrobat Distiller 3.0 for Power Macintosh,alley cropping,alley cropping,4,
/Users/Tim/Code/Github/BMPStaging/BMPpdfs/01696_Dripping_Springs_Conservation_Design_Ordinance.pdf,Administrator,PScript5.dll Version 5.2,Acrobat Distiller 5.0 (Windows),,Microsoft Word - Conservation Devt Ord _Adopted_.doc,25,
/Users/Tim/Code/Github/BMPStaging/BMPpdfs/01683_MarylandPestice.pdf,,,,,,,An exception occured
/Users/Tim/Code/Github/BMPStaging/BMPpdfs/01153_MAPC_orgGrassFilter.pdf,,Adobe InDesign CS (3.0.1),Adobe PDF Library 6.0,,GrassFilterStrip.indd,4,
/Users/Tim/Code/Github/BMPStaging/BMPpdfs/01998_WashingtonStreamSimulationCulvert.pdf,www,PScript5.dll Version 5.2,http://createpdf.adobe.com V5.5,,Microsoft Word - 3F468ECB-57B8-183192.doc,25,
/Users/Tim/Code/Github/BMPStaging/BMPpdfs/01747_fishfriendlyculverts.pdf,UW-Extension and Wisconsin Department of Natural Resources,,Acrobat Distiller 5.00 for Macintosh,culvert design installation and maintenance to protect roadways and fish,Fish Friendly Culverts,8,
/Users/Tim/Code/Github/BMPStaging/BMPpdfs/00037_mulching.pdf,aismac,PageMaker 6.5,Acrobat Distiller 3.01 for Power Macintosh,,mulching,2,
/Users/Tim/Code/Github/BMPStaging/BMPpdfs/00010_bedding.pdf,aismac,PageMaker 6.5,Acrobat Distiller 3.01 for Power Macintosh,,bedding,1,
/Users/Tim/Code/Github/BMPStaging/BMPpdfs/00492_GabionsforStreambankErosionControl.pdf,u4ercvld,Microsoft Word ,Acrobat PDFWriter 4.0 for Windows,,sr22.PDF,9,
/Users/Tim/Code/Github/BMPStaging/BMPpdfs/00081_surfsand.pdf,aismac,PageMaker 6.5,Acrobat Distiller 3.01 for Power Macintosh,,surfsand,1,
/Users/Tim/Code/Github/BMPStaging/BMPpdfs/00061_combinedinfilt.pdf,aismac,PageMaker 6.5,Acrobat Distiller 3.01 for Power Macintosh,,combinedinfilt,2,
/Users/Tim/Code/Github/BMPStaging/BMPpdfs/01106_to_01118_HamiltonCountyErosion.pdf,,Adobe InDesign CS2 (4.0.4),Adobe PDF Library 7.0,,,44,
/Users/Tim/Code/Github/BMPStaging/BMPpdfs/00088_wetswale.pdf,aismac,PageMaker 6.5,Acrobat Distiller 3.01 for Power Macintosh,,wetswale,2,
/Users/Tim/Code/Github/BMPStaging/BMPpdfs/01154_MarylandBufferValue.pdf,Pete,PPC QuarkXPress™ 3.32r4,Acrobat PDFWriter 4.0 for Power Macintosh,,,12,
/Users/Tim/Code/Github/BMPStaging/BMPpdfs/01007_riparian5.pdf,wolf,streamnotes3.FH8,Acrobat PDFWriter 3.02 for Windows,,riparian,2,
/Users/Tim/Code/Github/BMPStaging/BMPpdfs/01783_VT_strip_cropping.pdf,,,Acrobat Distiller 6.0 for Macintosh,,untitled,2,
/Users/Tim/Code/Github/BMPStaging/BMPpdfs/01839_to_01848_LowImpactDevelopment.pdf,heather.mcpeek,Acrobat 9.3.4 ,Acrobat Distiller 9.3.3 (Macintosh),,Microsoft Word - BMP Application Document-120607_hmv1.doc,48,
/Users/Tim/Code/Github/BMPStaging/BMPpdfs/01325_NRCS_shade.pdf,Susan Dillard,Acrobat PDFMaker 9.0 for Word,Acrobat Distiller 9.0.0 (Windows),,guide35,2,
/Users/Tim/Code/Github/BMPStaging/BMPpdfs/01777_StripCropping_extension_iastate_edu.pdf,,,Acrobat Distiller 3.0 for Macintosh,,,4,
/Users/Tim/Code/Github/BMPStaging/BMPpdfs/00925_streamsideexcl.pdf,ezabronsky,PScript5.dll Version 5.2,Acrobat Distiller 7.0.5 (Windows),,Stream brochure_final.qxp,20,
/Users/Tim/Code/Github/BMPStaging/BMPpdfs/00866_forTXDOT.pdf,,Canon , ,,,116,
/Users/Tim/Code/Github/BMPStaging/BMPpdfs/01571_wildfire.pdf,mscimone,Adobe Illustrator 10.0,Acrobat Distiller 8.0.0 (Windows),,BMP's_Final.pdf,4,
/Users/Tim/Code/Github/BMPStaging/BMPpdfs/00072_organicsandfilt.pdf,aismac,PageMaker 6.5,Acrobat Distiller 3.01 for Power Macintosh,,organicsandfilt,2,
/Users/Tim/Code/Github/BMPStaging/BMPpdfs/00710_LandPreservation.pdf,,Adobe InDesign CS3 (5.0),Adobe PDF Library 8.0,,,2,
/Users/Tim/Code/Github/BMPStaging/BMPpdfs/01131_to_01148_IslandCountyConstruction.pdf,M.Gehrmann,PScript5.dll Version 5.2.2,Acrobat Distiller 9.0.0 (Windows),,Microsoft Word - BMP Field Manual_Final.doc,57,
/Users/Tim/Code/Github/BMPStaging/BMPpdfs/00848_bufferpreserve.pdf,Gateway,PageMaker 7.0,Acrobat Distiller 5.0.5 (Windows),,1506bufferpreserve.pmd,12,
/Users/Tim/Code/Github/BMPStaging/BMPpdfs/01353_Ontariostreams_on_ca_rootwads.pdf,Mark,Tech17 - Microsoft Word,Acrobat PDFWriter 4.05 for Windows NT,,Tech17.PDF,6,
/Users/Tim/Code/Github/BMPStaging/BMPpdfs/00113_doublewing.pdf,aismac,PageMaker 6.5,Acrobat Distiller 3.01 for Power Macintosh,,doublewing,2,
/Users/Tim/Code/Github/BMPStaging/BMPpdfs/01693_CSDBenefits.pdf,Randall Arendt,Acrobat PDFMaker 9.0 for Word,Adobe PDF Library 9.0,,Randall Arendt,1,
/Users/Tim/Code/Github/BMPStaging/BMPpdfs/01853_onfarmirrmgmnt.pdf,,,,,,,An exception occured
/Users/Tim/Code/Github/BMPStaging/BMPpdfs/01625_to_01637_AgPesticideMngmt.pdf,Tamara Watson,Acrobat PDFMaker 9.0 for Word,Adobe PDF Library 9.0,,Agricultural Best Management Practices Report,184,
/Users/Tim/Code/Github/BMPStaging/BMPpdfs/00009_animalwaste.pdf,aismac,PageMaker 6.5,Acrobat Distiller 3.01 for Power Macintosh,,animalwaste,1,
/Users/Tim/Code/Github/BMPStaging/BMPpdfs/01964_DeptEnvQualIdahoCorridors.pdf,,,Acrobat Distiller 6.0 (Windows),,untitled,2,
/Users/Tim/Code/Github/BMPStaging/BMPpdfs/01001_Maryland.pdf,,,,,,,An exception occured
/Users/Tim/Code/Github/BMPStaging/BMPpdfs/01771_PestOregon.pdf,,,,,,,An exception occured
/Users/Tim/Code/Github/BMPStaging/BMPpdfs/00475_brushmattresses.pdf,u4ercvld,Microsoft Word ,Acrobat PDFWriter 4.0 for Windows,,sr23-picture-front.PDF,9,
/Users/Tim/Code/Github/BMPStaging/BMPpdfs/00059_basicbiofilt.pdf,aismac,PageMaker 6.5,Acrobat Distiller 3.01 for Power Macintosh,,basicbiofilt,2,
/Users/Tim/Code/Github/BMPStaging/BMPpdfs/01540_to_1554_WashingtonDOT.pdf,WSDOT,PScript5.dll Version 5.2,Acrobat Distiller 5.0.5 (Windows),,Best Management Practices Field Guide for ESA 4 (d) Habitat Protection,62,
/Users/Tim/Code/Github/BMPStaging/BMPpdfs/00712_Auburn.pdf,xuyinhu,Acrobat PDFMaker 7.0.7 for Word,Acrobat Distiller 7.0.5 (Windows),,Evaluation of Best Management Practice for ,65,
/Users/Tim/Code/Github/BMPStaging/BMPpdfs/00040_sheetflowdisp.pdf,,,Acrobat Distiller 4.0 for Windows,,,2,
/Users/Tim/Code/Github/BMPStaging/BMPpdfs/00122_pereherbplants.pdf,aismac,PageMaker 6.5,Acrobat Distiller 3.01 for Power Macintosh,,pereherbplants,1,
/Users/Tim/Code/Github/BMPStaging/BMPpdfs/00667_marylandwatershedplanning.pdf,tiffany,PScript5.dll Version 5.2,Acrobat Distiller 6.0.1 (Windows),,Microsoft Word - FINAL User's Guide.doc,154,
/Users/Tim/Code/Github/BMPStaging/BMPpdfs/01607_invasiveplants.pdf,,Adobe InDesign CS2 (4.0),Adobe PDF Library 7.0,,,30,
/Users/Tim/Code/Github/BMPStaging/BMPpdfs/00430a_RiparianCover&Intro.pdf,,Adobe InDesign CS3 (5.0.2),Adobe PDF Library 8.0,,,10,
/Users/Tim/Code/Github/BMPStaging/BMPpdfs/00958_riparian_setback.pdf,Linda,PScript5.dll Version 5.2,Acrobat Distiller 6.0.1 (Windows),,Microsoft Word - Riparian Setback Paper_Jan 2006 FINAL.doc,72,
/Users/Tim/Code/Github/BMPStaging/BMPpdfs/00430b_RiparianGrasses&Sedges.pdf,,Adobe InDesign CS3 (5.0.2),Adobe PDF Library 8.0,,,20,
/Users/Tim/Code/Github/BMPStaging/BMPpdfs/00082_undergrsandfilt.pdf,aismac,PageMaker 6.5,Acrobat Distiller 3.01 for Power Macintosh,,undergrsandfilt,2,
/Users/Tim/Code/Github/BMPStaging/BMPpdfs/01343_OhioRiffles.pdf,,,Acrobat Distiller 4.05 for Macintosh,,,2,
/Users/Tim/Code/Github/BMPStaging/BMPpdfs/01602_CanadaWatering.pdf,mcivers,PScript5.dll Version 5.2.2,Acrobat Distiller 5.0.5 (Windows),,riparian_grazing_final.pub,3,
/Users/Tim/Code/Github/BMPStaging/BMPpdfs/01572_WillowCuttings.pdf,,Adobe InDesign CS2 (4.0.3),Adobe PDF Library 7.0,,,2,
/Users/Tim/Code/Github/BMPStaging/BMPpdfs/01750_Grazing.pdf,,,,,,,An exception occured
/Users/Tim/Code/Github/BMPStaging/BMPpdfs/00564_to 00588_Alaska.pdf,,Adobe InDesign CS (3.0.1),Adobe PDF Library 6.0,,Reveg Manual.indd,97,
/Users/Tim/Code/Github/BMPStaging/BMPpdfs/01757_LASandGravel.pdf,,Adobe InDesign CS3 (5.0),Adobe PDF Library 8.0,,,48,
/Users/Tim/Code/Github/BMPStaging/BMPpdfs/01156_MetrocouncilOrg_MulchesBlanket.pdf,dlh2,Adobe PageMaker 6.52,Acrobat Distiller 4.0 for Windows,FAB_MULC,FAB_MULC,10,
/Users/Tim/Code/Github/BMPStaging/BMPpdfs/00993_GolfBufferStrips.pdf,john staton,Microsoft Word 2000 (9.0),CIB pdf Plug-in 1.3.9 Freeware (free for non-commercial use),,Buffer Zone Management for Golf Courses,29,
/Users/Tim/Code/Github/BMPStaging/BMPpdfs/00078_roadwaytreatsys.pdf,aismac,PageMaker 6.5,Acrobat Distiller 3.01 for Power Macintosh,,roadwaytreatsys,2,
/Users/Tim/Code/Github/BMPStaging/BMPpdfs/00863_Bobrowski1997.pdf,UL-Plant-Desk,Acrobat PDFMaker 9.1 for Word,Adobe PDF Library 9.0,,,4,
/Users/Tim/Code/Github/BMPStaging/BMPpdfs/01765_NRCSCoverCrop.pdf,user,Microsoft Word ,Acrobat PDFWriter 3.0 for Windows,,340cppe,1,
/Users/Tim/Code/Github/BMPStaging/BMPpdfs/01961_ArkansasVSMG.pdf,,Adobe InDesign CS2 (4.0.5),Adobe PDF Library 7.0,,,8,
/Users/Tim/Code/Github/BMPStaging/BMPpdfs/01981_OklahomaRxBurning.pdf,,Adobe InDesign CS5 (7.0),Adobe PDF Library 9.9,,,64,
/Users/Tim/Code/Github/BMPStaging/BMPpdfs/01989_RxBurningSouthDakota.pdf,"Kenneth F. Higgins, Arnold D. Kruse, and James L. Piehl",QuarkXPress(tm) 4.04,Acrobat Distiller 4.05 for Macintosh,EC760,Prescribed Burning Guidelines in the Northern Great Plains,38,
/Users/Tim/Code/Github/BMPStaging/BMPpdfs/01767_on_farm_comp_methods.pdf,FAO,Microsoft Word 8.0,Acrobat Distiller 4.0 for Windows,,ON-FARM COMPOSTING METHODS,26,
/Users/Tim/Code/Github/BMPStaging/BMPpdfs/00430d_RiparianForbes.pdf,,Adobe InDesign CS3 (5.0.2),Adobe PDF Library 8.0,,,12,
/Users/Tim/Code/Github/BMPStaging/BMPpdfs/01608_lunkerstruct.pdf,aismac,PageMaker 6.5,Acrobat Distiller 3.01 for Power Macintosh,,lunkerstruct,2,
/Users/Tim/Code/Github/BMPStaging/BMPpdfs/00089_boulderclusters.pdf,aismac,PageMaker 6.5,Acrobat Distiller 3.01 for Power Macintosh,,boulderclusters,2,
/Users/Tim/Code/Github/BMPStaging/BMPpdfs/01985_PrescribedBurning08.pdf,,Adobe InDesign CS3 (5.0.2),Adobe PDF Library 8.0,,,2,
/Users/Tim/Code/Github/BMPStaging/BMPpdfs/01209_to_01214_MontanaForestry.pdf,Katherine M. Kronen,Acrobat PDFMaker 8.1 for Word,Adobe PDF Library 8.0,,,11,
/Users/Tim/Code/Github/BMPStaging/BMPpdfs/01333_OhioEddyRocks.pdf,,,Acrobat Distiller 4.05 for Macintosh,,,2,
/Users/Tim/Code/Github/BMPStaging/BMPpdfs/00057_stormwat_ret.pdf,aismac,PageMaker 6.5,Acrobat Distiller 3.01 for Power Macintosh,,stormwat-ret,1,
/Users/Tim/Code/Github/BMPStaging/BMPpdfs/00822_Brush Mattress.pdf,emma,PScript5.dll Version 5.2,Acrobat Distiller 5.0.5 (Windows),,Microsoft Word - Brush mattress _without gabion references_.doc,8,
/Users/Tim/Code/Github/BMPStaging/BMPpdfs/00111_coconutfiberroll.pdf,aismac,PageMaker 6.5,Acrobat Distiller 3.01 for Power Macintosh,,coconutfiberroll,2,
/Users/Tim/Code/Github/BMPStaging/BMPpdfs/00708_TPWDRiparianWildlife.pdf,Texas Parks and Wildlife Department,QuarkXPressª: LaserWriter 8 8.7.1,Acrobat Distiller 5.00 for Macintosh,,Managing Riparian Habitats,8,
/Users/Tim/Code/Github/BMPStaging/BMPpdfs/01994_VFD_Iowa_rx_fire_materials.pdf,shickey,PScript5.dll Version 5.2.2,Acrobat Distiller 9.2.0 (Windows),,Microsoft Word - Chapter 1.doc,56,
/Users/Tim/Code/Github/BMPStaging/BMPpdfs/00913_managedgraze.pdf,Barbara C. Bellows,Adobe PageMaker 6.52,Acrobat Distiller 4.05 for Windows,This publication is designed to help farmers and ranchers identify and use locally appropriate grazing practices to protect riparian resources.,Managed Grazing in Riparian Areas,28,
/Users/Tim/Code/Github/BMPStaging/BMPpdfs/01724_NRCSStreamCrossings.pdf,bkuenstl,PScript5.dll Version 5.2,Acrobat Distiller 5.0.5 (Windows),,Microsoft Word - 578.doc,3,
/Users/Tim/Code/Github/BMPStaging/BMPpdfs/01127_IdahoDEQberm.pdf,,,Acrobat Distiller 6.0 (Windows),,untitled,3,
/Users/Tim/Code/Github/BMPStaging/BMPpdfs/00718_Idaho.pdf,pcook,E:\BMP Report 15\To PDF\15part1.wpd,Acrobat PDFWriter 4.0 for Windows,,PDF\15part1.PDF,34,
/Users/Tim/Code/Github/BMPStaging/BMPpdfs/01398_Shorelines.pdf,Heidi,Adobe® PageMaker® 6.0,Acrobat PDF Writer 1.0 for Macintosh ,,,12,
/Users/Tim/Code/Github/BMPStaging/BMPpdfs/00918_PennRiparianBuffer.pdf,DEP,Acrobat PDFMaker 5.0 for Word,Acrobat Distiller 5.0.5 (Windows),,,20,
/Users/Tim/Code/Github/BMPStaging/BMPpdfs/00589_to_00666_conservation_buffers.pdf,,Adobe InDesign CS3 (5.0.3),Adobe PDF Library 8.0,,,136,
/Users/Tim/Code/Github/BMPStaging/BMPpdfs/01000_CatBufFact.pdf,andrea_leslie,Microsoft Word 8.0,Acrobat Distiller 4.05 for Windows,,Riparian Buffers,3,
/Users/Tim/Code/Github/BMPStaging/BMPpdfs/00091_channelconstric.pdf,aismac,PageMaker 6.5,Acrobat Distiller 3.01 for Power Macintosh,,channelconstric,2,
/Users/Tim/Code/Github/BMPStaging/BMPpdfs/01017_Arkansas_Ag.pdf,Jodie Pennington,QuarkXPress 7.02,Acrobat Distiller 8.1.0 (Macintosh),"Best management practices are land management strategies that prevent or reduce the movement of sediment, nutrients, pesticides and other pollutants from the land to surface or groundwater. ",Best Management Practices for Livestock Farms - FSA-9527,6,
/Users/Tim/Code/Github/BMPStaging/BMPpdfs/01004_GreatLakes.pdf,,Adobe Illustrator 9.0,Adobe PDF library 4.800,,Riparian Buffer Cover.pdf,22,
/Users/Tim/Code/Github/BMPStaging/BMPpdfs/00066_dryswale.pdf,aismac,PageMaker 6.5,Acrobat Distiller 3.01 for Power Macintosh,,dryswale,2,
/Users/Tim/Code/Github/BMPStaging/BMPpdfs/00420_culverts.pdf,mzulkowski1,PScript5.dll Version 5.2.2,Acrobat Distiller 7.0 (Windows),,Microsoft Word - 1 CH 13 CULVERTS.doc,54,
/Users/Tim/Code/Github/BMPStaging/BMPpdfs/01015_Zurba2007.pdf,prefered customer,PScript5.dll Version 5.2,GPL Ghostscript 8.15,,Microsoft Word - final thesis.doc,70,
/Users/Tim/Code/Github/BMPStaging/BMPpdfs/01755_KansasWells.pdf,,,,,,,An exception occured
/Users/Tim/Code/Github/BMPStaging/BMPpdfs/01726_TexasForestryStreamCrossings.pdf,Management Division,Acrobat PDFMaker 9.1 for Word,Adobe PDF Library 9.0,Stewardship Plan Items Revised 07-11-03,FOREST MANAGEMENT SHEET TEMPLATE,1,
/Users/Tim/Code/Github/BMPStaging/BMPpdfs/01425_TimberHarvest.pdf,,Adobe InDesign CS2 (4.0.3),Adobe PDF Library 7.0,,,2,
/Users/Tim/Code/Github/BMPStaging/BMPpdfs/00488_streamwatershedrestoration.pdf,,Capture Reviewer 2.01,Acrobat PDFWriter 3.03 for Windows,,,26,
/Users/Tim/Code/Github/BMPStaging/BMPpdfs/01836_farm_nitrogen_determination.pdf,,QuarkXPress™,Acrobat PDFWriter 4.05  for Power Macintosh,,,3,
/Users/Tim/Code/Github/BMPStaging/BMPpdfs/00024_prot_sd_hazwaste.pdf,aismac,PageMaker 6.5,Acrobat Distiller 3.01 for Power Macintosh,,prot-sd-hazwaste,1,
/Users/Tim/Code/Github/BMPStaging/BMPpdfs/01119_ to 01123_HorsePastures.pdf,Laurel Marcus,PScript5.dll Version 5.2,Acrobat Distiller 5.0 (Windows),,Microsoft Word - appendix 4.doc,32,
/Users/Tim/Code/Github/BMPStaging/BMPpdfs/00043_terracing.pdf,aismac,PageMaker 6.5,Acrobat Distiller 3.01 for Power Macintosh,,terracing,1,
/Users/Tim/Code/Github/BMPStaging/BMPpdfs/01967_Fireguidlines.pdf,,POP90,Corel PDF Engine Version 9.543,,,158,
/Users/Tim/Code/Github/BMPStaging/BMPpdfs/01977_IowaBrushManagement.pdf,,Adobe InDesign CS3 (5.0),Adobe PDF Library 8.0,,,2,
/Users/Tim/Code/Github/BMPStaging/BMPpdfs/00867_to_00886construction.pdf,ngam,Adobe PageMaker 6.52,Acrobat Distiller 4.05 for Macintosh,CoFeat(temple),CoFeat(temple),5,
/Users/Tim/Code/Github/BMPStaging/BMPpdfs/01781_TestsForWell.pdf,,Adobe InDesign CS4 (6.0.6),Adobe PDF Library 9.0,,,6,
/Users/Tim/Code/Github/BMPStaging/BMPpdfs/01129_IdahoRunoff.pdf,Joan Meitl and Todd Maguire,,Acrobat Distiller 4.0.2 for Macintosh,A Source Book of Best Management Practices,Compendium of Best Management Practices To Control Polluted Runoff [Continued] (Part 3),31,
/Users/Tim/Code/Github/BMPStaging/BMPpdfs/00995_bufferguidlines.pdf,USDA Forest Service - Rocky Mountain Research Station,Adobe InDesign CS3 (5.0.1),Adobe PDF Library 8.0,RMRS-GTR-203,Riparian buffer design guidelines for water quality and wildlife habitat functions on agricultural landscapes in the Intermountain West,63,
/Users/Tim/Code/Github/BMPStaging/BMPpdfs/01737_beef-grazing-systems.pdf,"C. Wayne Hanselka, B.J. Ragsdale and Barron Rector",ivn3053.tmp,Acrobat PDFWriter 3.0 for Windows,Range Science,Grazing Systems for Profitable Ranching,4,
/Users/Tim/Code/Github/BMPStaging/BMPpdfs/00136_veg_rockgabions.pdf,aismac,PageMaker 6.5,Acrobat Distiller 3.01 for Power Macintosh,,veg-rockgabions,2,
/Users/Tim/Code/Github/BMPStaging/BMPpdfs/00134_underpassdefl.pdf,aismac,PageMaker 6.5,Acrobat Distiller 3.01 for Power Macintosh,,underpassdefl,2,
/Users/Tim/Code/Github/BMPStaging/BMPpdfs/00005_stormdraininlet.pdf,aismac,PageMaker 6.5,Acrobat Distiller 3.01 for Power Macintosh,,stormdraininlet,7,
/Users/Tim/Code/Github/BMPStaging/BMPpdfs/00127_rockriprap.pdf,aismac,PageMaker 6.5,Acrobat Distiller 3.01 for Power Macintosh,,rockriprap,1,
/Users/Tim/Code/Github/BMPStaging/BMPpdfs/01732_AlabamaGrazing.pdf,Ross Heck,QuarkXPress(tm) 4.1,Acrobat Distiller 4.0 for Macintosh,,unp-7,4,
/Users/Tim/Code/Github/BMPStaging/BMPpdfs/01684_MichiganGov.pdf,Ed Mustata,Microsoft Word 8.0,Acrobat Distiller 4.05 for Windows,,,17,
/Users/Tim/Code/Github/BMPStaging/BMPpdfs/00486_ERDCStreamManagement.pdf,,,Acrobat Distiller 3.0 for Windows,,,298,
/Users/Tim/Code/Github/BMPStaging/BMPpdfs/01959_AlamedaCreekFishPassage.pdf,rantel,Microsoft Word - Tech Memo.doc,Acrobat PDFWriter 4.05 for Windows NT,,Tech Memo.PDF,36,
/Users/Tim/Code/Github/BMPStaging/BMPpdfs/01388_SaltLakeErosionBlanket.pdf,,J:\S212198\1998\BMP_BK\BMPS\CONST\CONSBMPS\ECB.WPD,Acrobat PDFWriter 4.0 for Windows,,J:\S212198\1998\BMP_BK\BMPS\CONST\CONSBMPS\ECB.PDF,1,
/Users/Tim/Code/Github/BMPStaging/BMPpdfs/00079_sed_basinwq.pdf,aismac,PageMaker 6.5,Acrobat Distiller 3.01 for Power Macintosh,,sed-basinwq,3,
/Users/Tim/Code/Github/BMPStaging/BMPpdfs/00100_streammeander.pdf,aismac,PageMaker 6.5,Acrobat Distiller 3.01 for Power Macintosh,,streammeander,1,
/Users/Tim/Code/Github/BMPStaging/BMPpdfs/00959_riparian_setbacks_why_that_width.pdf,Linda,PScript5.dll Version 5.2,Acrobat Distiller 6.0.1 (Windows),,Microsoft Word - Riparian Setbacks Why That Width.doc,2,
/Users/Tim/Code/Github/BMPStaging/BMPpdfs/01744_FarmCompost.pdf,"Rynk, Robert; et al.",Acrobat Capture 3.0,Adobe PDF Library 4.0,,On-Farm Composting Handbook,204,
/Users/Tim/Code/Github/BMPStaging/BMPpdfs/00720_AustinGrasses.pdf,MLyday,Acrobat PDFMaker 7.0.7 for Word,Acrobat Distiller 7.0.5 (Windows),,Microsoft Word - Native Grassland Training Cover Page.doc,43,
/Users/Tim/Code/Github/BMPStaging/BMPpdfs/00494_designsgradecontrolstructures.pdf,Adele Militello,Acrobat PDFMaker 5.0 for Word,Acrobat Distiller 5.0 (Windows),,CETN,11,
/Users/Tim/Code/Github/BMPStaging/BMPpdfs/01056_BoulderWetland.pdf,,,,,,140,
/Users/Tim/Code/Github/BMPStaging/BMPpdfs/01009_RiparianLP.pdf,Administrator,Microsoft Word - RiparianLP.doc,ScanSoft PDF Create! 3,,Microsoft Word - RiparianLP.doc,3,
/Users/Tim/Code/Github/BMPStaging/BMPpdfs/02000_Willamette_DFP_DRR.pdf,JoyM,PScript5.dll Version 5.2.2,Acrobat Distiller 8.1.0 (Windows),,Microsoft Word - Willamette DFP DRR Final,223,
/Users/Tim/Code/Github/BMPStaging/BMPpdfs/01342_OhioGabion.pdf,NR733G3,Adobe PageMaker 6.52,Acrobat Distiller 3.0 for Power Macintosh,,stfs15,4,
/Users/Tim/Code/Github/BMPStaging/BMPpdfs/00956_HighWaterMark.pdf,Linda,PScript5.dll Version 5.2,Acrobat Distiller 6.0.1 (Windows),,Microsoft Word - Handout on Ordinary High Water Mark.doc,2,
/Users/Tim/Code/Github/BMPStaging/BMPpdfs/01402_to_1420_StCloudSediment.pdf,nczech,Acrobat PDFMaker 8.1 for Publisher,Acrobat Distiller 8.1.0 (Windows),,,9,
/Users/Tim/Code/Github/BMPStaging/BMPpdfs/00016_drainblocker.pdf,aismac,PageMaker 6.5,Acrobat Distiller 3.01 for Power Macintosh,,drainblocker,1,
/Users/Tim/Code/Github/BMPStaging/BMPpdfs/01698_LBJWC_Conservation_Development_in_Texas.pdf,Betsy Woldman,QuarkXPress: pictwpstops filter 1.0,Acrobat Distiller 7.0.5 for Macintosh,,Wildflower Cover-FINAL2:Layout 1,20,
/Users/Tim/Code/Github/BMPStaging/BMPpdfs/01011_bufferzones.pdf,,,Acrobat Distiller 6.0 (Windows),,untitled,2,
/Users/Tim/Code/Github/BMPStaging/BMPpdfs/00989_to_00991_Guide.pdf,,,Acrobat Distiller 3.0 for Windows,,,79,
/Users/Tim/Code/Github/BMPStaging/BMPpdfs/01434_UrbanCreeksErosion.pdf,mike,Erosion Control Blankets - Microsoft Word,Acrobat PDFWriter 5.0 for Windows NT,,Erosion Control Blankets.doc,6,
/Users/Tim/Code/Github/BMPStaging/BMPpdfs/01005_Correll2005.pdf,,Elsevier,Acrobat Distiller 4.05 for Windows,,doi:10.1016/j.ecoleng.2005.01.007,7,
/Users/Tim/Code/Github/BMPStaging/BMPpdfs/01351_Ontario_AlternateWater.pdf,,Acrobat PDFMaker 6.0 for Word,Acrobat Distiller 6.0 (Windows),,04-027 - Alternative Livestock Watering Systems,8,
/Users/Tim/Code/Github/BMPStaging/BMPpdfs/00108_branchpack.pdf,aismac,PageMaker 6.5,Acrobat Distiller 3.01 for Power Macintosh,,branchpack,2,
/Users/Tim/Code/Github/BMPStaging/BMPpdfs/01984_PennStateWildlifeHabitat.pdf,Gretl Collins,Adobe PageMaker 6.52,Acrobat Distiller 3.02 for Power Macintosh,EnhWldlife/PM6.5.2/00,EnhWldlife/PM6.5.2/00,12,
/Users/Tim/Code/Github/BMPStaging/BMPpdfs/00105_sedimentbasin.pdf,aismac,PageMaker 6.5,Acrobat Distiller 3.01 for Power Macintosh,,sedimentbasin,2,
/Users/Tim/Code/Github/BMPStaging/BMPpdfs/00994_EPAreview.pdf,P.M. Mayer,Adobe InDesign CS (3.0.1),,Ground water research,"Riparian buffer width, vegetative cover, and nitrogen removal effectiveness: A review of current science and regulations",40,
/Users/Tim/Code/Github/BMPStaging/BMPpdfs/00017_edprograms.pdf,aismac,PageMaker 6.5,Acrobat Distiller 3.01 for Power Macintosh,,edprograms,1,
/Users/Tim/Code/Github/BMPStaging/BMPpdfs/01852_oachbk.pdf,Craig Elevitch,ClarisWorks: PSPrinter 8.3.1,Acrobat Distiller 3.01 for Power Macintosh,,OAC Handbook 1/99 ,10,
/Users/Tim/Code/Github/BMPStaging/BMPpdfs/01965_FederalDOTFishPassage.pdf,FHWA,PScript5.dll Version 5.2.2,Acrobat Distiller 7.0.5 (Windows),,Design for Fish Passage at Roadway-Stream Crossings: Synthesis Report,280,
/Users/Tim/Code/Github/BMPStaging/BMPpdfs/00725_to_00756_Urban_Stream_Repair_Practices.pdf,,,,,,,An exception occured
/Users/Tim/Code/Github/BMPStaging/BMPpdfs/01734_AnimalComposting.pdf,,,Acrobat Distiller 3.0 for Power Macintosh,,Composting dead livestock: A new solution to an old problem,12,
/Users/Tim/Code/Github/BMPStaging/BMPpdfs/01605_solarpoweredWatering.pdf,,,,,,,An exception occured
/Users/Tim/Code/Github/BMPStaging/BMPpdfs/01422_StreambankProtectionUSArmy.pdf,,Acrobat PDFMaker 9.1 for Word,Adobe PDF Library 9.0,,,2,
/Users/Tim/Code/Github/BMPStaging/BMPpdfs/00951_Wesche.pdf,,,,,,,An exception occured
/Users/Tim/Code/Github/BMPStaging/BMPpdfs/00124_pilingrevetment.pdf,aismac,PageMaker 6.5,Acrobat Distiller 3.01 for Power Macintosh,,pilingrevetment,2,
/Users/Tim/Code/Github/BMPStaging/BMPpdfs/00999_bufferzones.pdf,ET S,Acrobat PDFMaker 8.1 for Word,Acrobat Distiller 8.1.0 (Windows),,Riparian Buffer Zones,4,
/Users/Tim/Code/Github/BMPStaging/BMPpdfs/01742_CropRotation.pdf,user,PScript5.dll Version 5.2.2,Acrobat Distiller 5.0.5 (Windows),,CropRotation.pub,4,
/Users/Tim/Code/Github/BMPStaging/BMPpdfs/00019_greenroofs.pdf,aismac,PageMaker 6.5,Acrobat Distiller 3.01 for Power Macintosh,,greenroofs,1,
/Users/Tim/Code/Github/BMPStaging/BMPpdfs/01352_OntarioStreams_on_ca_fascines.pdf,Mark,Tech9 - Microsoft Word,Acrobat PDFWriter 4.05 for Windows NT,,Tech9.PDF,5,
/Users/Tim/Code/Github/BMPStaging/BMPpdfs/01999_WhatcomCulverts.pdf,,Adobe InDesign CS3 (5.0.4),Adobe PDF Library 8.0,,,4,
/Users/Tim/Code/Github/BMPStaging/BMPpdfs/00478_rootwadcomposites.pdf,u4ercvld,Microsoft Word ,Acrobat PDFWriter 4.0 for Windows,,sr21.PDF,10,
/Users/Tim/Code/Github/BMPStaging/BMPpdfs/01311_to_01324_NewHampshireUtility.pdf,Randall Shuey,Acrobat PDFMaker 8.0 for Word,Acrobat Distiller 8.0.0 (Windows),,NHTBUBMPS020705,70,
/Users/Tim/Code/Github/BMPStaging/BMPpdfs/00823_to_00847_StreambankStabilizationManagementMeasures.pdf,ADEQ,PScript5.dll Version 5.2.2,Acrobat Distiller 7.0 (Windows),,Streambank Stabilization Management Measures,33,
/Users/Tim/Code/Github/BMPStaging/BMPpdfs/01849_to_01851_NewHampshireAg.pdf,Bureau of Markets,Acrobat PDFMaker 9.0 for Word,Acrobat Distiller 9.0.0 (Windows),,MANUAL OF BEST MANAGEMENT,65,
/Users/Tim/Code/Github/BMPStaging/BMPpdfs/01992_TOWMABurnPlan.pdf,Larry,PScript5.dll Version 5.2.2,Acrobat Distiller 6.0 (Windows),,Microsoft Word - TOWMA Burn Plan 10-16-2010.doc,8,
/Users/Tim/Code/Github/BMPStaging/BMPpdfs/00923_ripariangrazingguidelines.pdf,Michael Roedel,Acrobat PDFMaker 5.0 for Word,Acrobat Distiller 5.0.5 (Windows),,Recommendations for management of grazing in New Mexico riparian areas,3,
/Users/Tim/Code/Github/BMPStaging/BMPpdfs/00317_ConesusLake.pdf,,,,,,,An exception occured
/Users/Tim/Code/Github/BMPStaging/BMPpdfs/00489_riparianrestorationrecommendations.pdf,sstein,Adobe PageMaker 6.5,Acrobat Distiller 4.05 for Windows,carl-5-99,carl-5-99,8,
/Users/Tim/Code/Github/BMPStaging/BMPpdfs/00139_treepres_protect.pdf,aismac,PageMaker 6.5,Acrobat Distiller 3.01 for Power Macintosh,,treepres_protect,5,
/Users/Tim/Code/Github/BMPStaging/BMPpdfs/00001_brushbarrier.pdf,aismac,PageMaker 6.5,Acrobat Distiller 3.01 for Power Macintosh,,brushbarrier,1,
/Users/Tim/Code/Github/BMPStaging/BMPpdfs/00014_curbelimination.pdf,aismac,PageMaker 6.5,Acrobat Distiller 3.01 for Power Macintosh,,curbelimination,1,
/Users/Tim/Code/Github/BMPStaging/BMPpdfs/00038_natrevege_grasses.pdf,aismac,PageMaker 6.5,Acrobat Distiller 3.01 for Power Macintosh,,natrevege_grasses,2,
/Users/Tim/Code/Github/BMPStaging/BMPpdfs/00916_OilGasRiparian.pdf,Glestewar,PScript5.dll Version 5.2.2,Acrobat Distiller 8.1.0 (Windows),,Microsoft Word - O&G Recommendations March 2010 with changes identified.docm,255,
/Users/Tim/Code/Github/BMPStaging/BMPpdfs/01128_IdahoMulching.pdf,,,Acrobat Distiller 6.0 (Windows),,untitled,5,
/Users/Tim/Code/Github/BMPStaging/BMPpdfs/00080_sidebysideinfil.pdf,aismac,PageMaker 6.5,Acrobat Distiller 3.01 for Power Macintosh,,sidebysideinfil,2,
/Users/Tim/Code/Github/BMPStaging/BMPpdfs/00508_riparianrestorationrecommendations.pdf,sstein,Adobe PageMaker 6.5,Acrobat Distiller 4.05 for Windows,carl-5-99,carl-5-99,8,
/Users/Tim/Code/Github/BMPStaging/BMPpdfs/00926_WildlifeFences.pdf,Corky,Acrobat PDFMaker 9.1 for Publisher,Acrobat Distiller 9.3.2 (Windows),,,8,
/Users/Tim/Code/Github/BMPStaging/BMPpdfs/01778_SWSandGravelguidance2010.pdf,Kathy Dolan,Microsoft® Office Word 2007,Microsoft® Office Word 2007,,COLORADO=S CONSTRUCTION ACTIVITIES,4,
/Users/Tim/Code/Github/BMPStaging/BMPpdfs/00117_livefacine.pdf,aismac,PageMaker 6.5,Acrobat Distiller 3.01 for Power Macintosh,,livefacine,2,
/Users/Tim/Code/Github/BMPStaging/BMPpdfs/00483_channelprocessesclassificationandresponse.pdf,,Capture Reviewer 2.01,Acrobat PDFWriter 3.03 for Windows,,,30,
/Users/Tim/Code/Github/BMPStaging/BMPpdfs/01975_HMFSPrescribedBurn.pdf,DFWUser,Acrobat PDFMaker 5.0 for Word,Acrobat Distiller 5.0.5 (Windows),,,15,
/Users/Tim/Code/Github/BMPStaging/BMPpdfs/01735_AnimalMortality.pdf,kristin.smith,PScript5.dll Version 5.2.2,Acrobat Distiller 6.0.1 (Windows),,Microsoft Word - 6D39B3A1.doc,2,
/Users/Tim/Code/Github/BMPStaging/BMPpdfs/00031_gabionrevet.pdf,aismac,PageMaker 6.5,Acrobat Distiller 3.01 for Power Macintosh,,gabionrevet,4,
/Users/Tim/Code/Github/BMPStaging/BMPpdfs/00025_stormcatchinsert.pdf,aismac,PageMaker 6.5,Acrobat Distiller 3.01 for Power Macintosh,,stormcatchinsert,1,
/Users/Tim/Code/Github/BMPStaging/BMPpdfs/00030_erosionblanket.pdf,aismac,PageMaker 6.5,Acrobat Distiller 3.01 for Power Macintosh,,erosionblanket,3,
/Users/Tim/Code/Github/BMPStaging/BMPpdfs/01330_OhioBuffer.pdf,NR733G3,Adobe PageMaker 6.52,Acrobat Distiller 3.0 for Power Macintosh,,stfs13,4,
/Users/Tim/Code/Github/BMPStaging/BMPpdfs/00669_watershed.pdf,Ruthie McCoy,Acrobat PDFMaker 5.0 for Word,Acrobat Distiller 5.0.5 (Windows),,Watershed Best Management Practices,10,
/Users/Tim/Code/Github/BMPStaging/BMPpdfs/00997_buffer_case_study.pdf,USDA Forest Service - Rocky Mountain Research Station,Adobe InDesign CS3 (5.0.1),Adobe PDF Library 8.0,RMRS-GTR-203: Case Study,Riparian buffer design guidelines for water quality and wildlife habitat functions on agricultural landscapes in the Intermountain West,73,
/Users/Tim/Code/Github/BMPStaging/BMPpdfs/00070_oilgritseparator.pdf,aismac,PageMaker 6.5,Acrobat Distiller 3.01 for Power Macintosh,,oilgritseparator,2,
/Users/Tim/Code/Github/BMPStaging/BMPpdfs/01702_Travis_County_Conservation_Design_Manual.pdf,win2000,Acrobat PDFMaker 7.0.7 for Word,Acrobat Distiller 7.0.5 (Windows),,CONSERVATION DEVELOPMENT,53,
/Users/Tim/Code/Github/BMPStaging/BMPpdfs/01099_DOFVirginiaNative.pdf,User,PScript5.dll Version 5.2,Acrobat Distiller 5.0 (Windows),,wq-BMP-Append-D.pdf,10,
/Users/Tim/Code/Github/BMPStaging/BMPpdfs/01604_NorthCarolinaWatering.pdf,,,Acrobat Distiller 4.0 for Windows,,,4,
/Users/Tim/Code/Github/BMPStaging/BMPpdfs/00491_improvingriparianbufferstrips.pdf,u4ensraf,Microsoft Word ,Acrobat PDFWriter 4.0 for Windows,,Fischer_paper.PDF,7,
/Users/Tim/Code/Github/BMPStaging/BMPpdfs/01958_WetlandBuffers.pdf,Preferred Customer,Microsoft Word 10.0,Acrobat Distiller 4.05 for Windows,,Wetland Buffer Zones and Beyond,148,
/Users/Tim/Code/Github/BMPStaging/BMPpdfs/00026_channelvege.pdf,aismac,PageMaker 6.5,Acrobat Distiller 3.01 for Power Macintosh,,channelvege,1,
/Users/Tim/Code/Github/BMPStaging/BMPpdfs/01960_appdx_g_northfork_pile_burning.pdf,rpkeith,PScript5.dll Version 5.2.2,GPL Ghostscript 8.15,,Microsoft Word - APPENDIX H_ pile burning.doc,4,
/Users/Tim/Code/Github/BMPStaging/BMPpdfs/01609_riparian_buffer_guidebook.pdf,,,Acrobat Distiller 4.0 for Macintosh,,,79,
/Users/Tim/Code/Github/BMPStaging/BMPpdfs/01216_NashvilleBerm.pdf,,,Acrobat Distiller 4.05 for Windows,,,6,
/Users/Tim/Code/Github/BMPStaging/BMPpdfs/00138_treedrip.pdf,aismac,PageMaker 6.5,Acrobat Distiller 3.01 for Power Macintosh,,treedrip,2,
/Users/Tim/Code/Github/BMPStaging/BMPpdfs/01695_CSDOverview.pdf,Randall Arendt,Acrobat PDFMaker 9.0 for Word,Adobe PDF Library 9.0,,Randall Arendt,2,
/Users/Tim/Code/Github/BMPStaging/BMPpdfs/01687_ScotlandPesticide.pdf,,QuarkXPress(R) 7.01,QuarkXPress(R) 7.01,,Layout 1,2,
/Users/Tim/Code/Github/BMPStaging/BMPpdfs/01432_UDFCD_org.pdf,Galene Bushor,Acrobat PDFMaker 9.1 for Word,Adobe PDF Library 9.0,,NONSTRUCTURAL BEST MANAGEMENT PRACTICES,4,
/Users/Tim/Code/Github/BMPStaging/BMPpdfs/01925_to_01956_WashingtonStreamHabitat.pdf,Ken Bates,Acrobat PDFMaker 6.0 for Word,Acrobat Distiller 6.0 (Windows),,Stream Habitat Restoration and Channel Design Guidelines,715,
/Users/Tim/Code/Github/BMPStaging/BMPpdfs/00987_WoodyDebris.pdf,,,Acrobat Distiller 4.0 for Macintosh,,,20,
/Users/Tim/Code/Github/BMPStaging/BMPpdfs/00004_siltfence.pdf,aismac,PageMaker 6.5,Acrobat Distiller 3.01 for Power Macintosh,,siltfence,5,
/Users/Tim/Code/Github/BMPStaging/BMPpdfs/01972_CalCowFlorida.pdf,,,Acrobat Distiller 4.05 for Windows,,,107,
/Users/Tim/Code/Github/BMPStaging/BMPpdfs/00965_to00986_Impacts.pdf,Craig Fischenich,Microsoft Word 8.0,Acrobat Distiller 4.0 for Windows,,Impacts of Streambank Stabilization Structures,57,
/Users/Tim/Code/Github/BMPStaging/BMPpdfs/01699_LBJWC_Conservation_Development_White_Paper.pdf,,Adobe InDesign CS (3.0.1),Adobe PDF Library 6.0,,Conservation Booklet.indd,39,
/Users/Tim/Code/Github/BMPStaging/BMPpdfs/00485_ImpactsofStabilizationMeasures.pdf,u4ercvld,Microsoft Word ,Acrobat PDFWriter 4.0 for Windows,,sr32.PDF,11,
/Users/Tim/Code/Github/BMPStaging/BMPpdfs/01772_rotgraze.pdf,Alice Beetz,Adobe InDesign CS4 (6.0),Acrobat Distiller 9.0.0 (Windows),Rotational grazing is a grazing management strategy characterized by periodical movement of livestock to fresh paddocks to allow pastures tme to regrow before they are grazed again.,Rotational Grazing,12,
/Users/Tim/Code/Github/BMPStaging/BMPpdfs/00318_EPA_WPP.pdf,"U.S. Environmental Protection Agency, Office of Wetlands, Oceans and Watersheds",Adobe InDesign CS2 (4.0.5),Adobe PDF Library 7.0,,"Handbook for Developing Watershed Plans to Restore and Protect Our Waters, March 2008",400,
/Users/Tim/Code/Github/BMPStaging/BMPpdfs/01727_UMass_Edu_StreamCrossing.pdf,Joanne,MA Crossing Stds.doc - Microsoft Word,Acrobat PDFWriter 4.05 for Windows NT,,MA Crossing Stds.PDF,9,
/Users/Tim/Code/Github/BMPStaging/BMPpdfs/01103_FilterDike.pdf,Dan Hoecker,Acrobat PDFMaker 5.0 for Word,Acrobat Distiller 5.0 (Windows),Construction Storm Water Management,Integrated Storm Water Management Design Manual for Construction,3,
/Users/Tim/Code/Github/BMPStaging/BMPpdfs/01429_TredyffrinOrgRiparianBufferPlanting.pdf,,Adobe InDesign CS2 (4.0.5),Adobe PDF Library 7.0,,,14,
/Users/Tim/Code/Github/BMPStaging/BMPpdfs/00054_park_lot_per_trench.pdf,aismac,PageMaker 6.5,Acrobat Distiller 3.01 for Power Macintosh,,park-lot-per-trench,1,
/Users/Tim/Code/Github/BMPStaging/BMPpdfs/00759_AustralianStreamRehabilitationManualVol1.pdf,,,Acrobat Distiller 4.0 for Macintosh,,,192,
/Users/Tim/Code/Github/BMPStaging/BMPpdfs/00714_GISriparian.pdf,Tim Aunan,GIS Approach for delineating Variable-Width Riparian Buffers - Microsoft Word,Acrobat PDFWriter 4.05 for Windows NT,,A GIS Approach for Delineating Variable-Width Riparian Buffers Based on Hydrological Function,14,
/Users/Tim/Code/Github/BMPStaging/BMPpdfs/00120_logrootwad.pdf,aismac,PageMaker 6.5,Acrobat Distiller 3.01 for Power Macintosh,,logrootwad,2,
/Users/Tim/Code/Github/BMPStaging/BMPpdfs/01601_Livestockwatering.pdf,mstrange,Adobe PageMaker 6.5,Acrobat Distiller 3.0 for Windows,rampump3,rampump3,6,
/Users/Tim/Code/Github/BMPStaging/BMPpdfs/01327_NRCSIdahoPlanting.pdf,,,,,,,An exception occured
/Users/Tim/Code/Github/BMPStaging/BMPpdfs/00041_sodding.pdf,aismac,PageMaker 6.5,Acrobat Distiller 3.01 for Power Macintosh,,sodding,6,
/Users/Tim/Code/Github/BMPStaging/BMPpdfs/00045_detentionbasin.pdf,aismac,PageMaker 6.5,Acrobat Distiller 3.01 for Power Macintosh,,detentionbasin,4,
/Users/Tim/Code/Github/BMPStaging/BMPpdfs/00129_str_bank_ero.pdf,aismac,PageMaker 6.5,Acrobat Distiller 3.01 for Power Macintosh,,str-bank-ero,3,
/Users/Tim/Code/Github/BMPStaging/BMPpdfs/00034_levelspread.pdf,aismac,PageMaker 6.5,Acrobat Distiller 3.01 for Power Macintosh,,levelspread,2,
/Users/Tim/Code/Github/BMPStaging/BMPpdfs/01428_TransportationAlbertaCa_erosion.pdf,,PScript5.dll Version 5.2.2,Acrobat Distiller 8.0.0 (Windows),,,6,
/Users/Tim/Code/Github/BMPStaging/BMPpdfs/01838_KY_CONSTRUCTED_WETLAND.pdf,NRCS,Acrobat PDFMaker 5.0 for Word,Acrobat Distiller 5.0.5 (Windows),,NATURAL RESOURCES CONSERVATION SERVICE,5,
/Users/Tim/Code/Github/BMPStaging/BMPpdfs/01606_UTESolarStockWatering.pdf,Michael J. Buschermohle and Robert T. Burns,Adobe PageMaker 6.52,Acrobat Distiller 3.0 for Power Macintosh,"Many livestock producers allow their animals free access to the rivers, streams and creeks that run through rural Tennessee.",Solar-Powered Livestock Watering Systems,16,
/Users/Tim/Code/Github/BMPStaging/BMPpdfs/01692_Conservation_Dev_in_Practice.pdf,smaxwell,PScript5.dll Version 5.2,Acrobat Distiller 5.0.5 (Windows),,2004-09-16 Brochure - left justify.indd,16,
/Users/Tim/Code/Github/BMPStaging/BMPpdfs/01427_TPWDrevegetation.pdf,TPWD Employee,Microsoft® Office Publisher 2007,Microsoft® Office Publisher 2007,,,5,
/Users/Tim/Code/Github/BMPStaging/BMPpdfs/01573_to_01581_NorthDakotaForestry.pdf,bhove,Adobe PageMaker 6.5,Acrobat Distiller 3.0 for Power Macintosh,BestMgmt,BestMgmt,33,
/Users/Tim/Code/Github/BMPStaging/BMPpdfs/01331_OhioCribwall.pdf,NR733G3,Adobe PageMaker 6.52,Acrobat Distiller 3.0 for Power Macintosh,,stfs17,3,
/Users/Tim/Code/Github/BMPStaging/BMPpdfs/01753_IowaGrazing.pdf,hereisme,PScript5.dll Version 5.2,Acrobat Distiller 5.0 (Windows),,Microsoft Word - Pasture Systems and Grazing Methods2.doc,3,
/Users/Tim/Code/Github/BMPStaging/BMPpdfs/00330_to_00366_WCITFBMPGuide.pdf,Water Conservation Implementation Task Force,Acrobat PDFMaker 6.0 for Word,Acrobat Distiller 6.0.1 (Windows),Water Conservation ,Report 362 Water Conservation Best Management Practices Guide,266,
/Users/Tim/Code/Github/BMPStaging/BMPpdfs/00132_treerevetment.pdf,aismac,PageMaker 6.5,Acrobat Distiller 3.01 for Power Macintosh,,treerevetment,2,
/Users/Tim/Code/Github/BMPStaging/BMPpdfs/00064_det_devices.pdf,aismac,PageMaker 6.5,Acrobat Distiller 3.01 for Power Macintosh,,det_devices,4,
/Users/Tim/Code/Github/BMPStaging/BMPpdfs/00077_rip_for_buff.pdf,aismac,PageMaker 6.5,Acrobat Distiller 3.01 for Power Macintosh,,rip-for-buff,2,
/Users/Tim/Code/Github/BMPStaging/BMPpdfs/00493_FascineStreambankErosionControl.pdf,u4ercvld,Microsoft Word ,Acrobat PDFWriter 4.0 for Windows,,sr31.PDF,8,
/Users/Tim/Code/Github/BMPStaging/BMPpdfs/00094_floatinglog.pdf,aismac,PageMaker 6.5,Acrobat Distiller 3.01 for Power Macintosh,,floatinglog,1,
/Users/Tim/Code/Github/BMPStaging/BMPpdfs/01700_LondonBoroughOfRichmondUponThames.pdf,London Boroough of Richmond Upon Thames,PScript5.dll Version 5.2,Acrobat Distiller 7.0 (Windows),Design guidelines for nature conservation and development,Design guidelines for nature conservation and development,4,
/Users/Tim/Code/Github/BMPStaging/BMPpdfs/01731_AlabamaAnimalMortality.pdf,Jerry Walker,Acrobat PDFMaker 6.0 for Word,Acrobat Distiller 6.0.1 (Windows),,SOIL CONSERVATION SERVICE,7,
/Users/Tim/Code/Github/BMPStaging/BMPpdfs/00917_ordinance.pdf,Jvedral,pdfFactory www.pdffactory.com,pdfFactory 2.01 (Windows XP),,ORD08-09.doc,10,
/Users/Tim/Code/Github/BMPStaging/BMPpdfs/01762_MUGrazing.pdf,,,,,,,An exception occured
/Users/Tim/Code/Github/BMPStaging/BMPpdfs/01002_improvingriparianbufferstrips.pdf,u4ensraf,Microsoft Word ,Acrobat PDFWriter 4.0 for Windows,,Fischer_paper.PDF,7,
/Users/Tim/Code/Github/BMPStaging/BMPpdfs/00955_SetbackRegulation.pdf,CRWP Associate,PScript5.dll Version 5.2,Acrobat Distiller 6.0.1 (Windows),,riparian_fact_sheet_2009.pub,2,
/Users/Tim/Code/Github/BMPStaging/BMPpdfs/00033_grassedwtrway.pdf,aismac,PageMaker 6.5,Acrobat Distiller 3.01 for Power Macintosh,,grassedwtrway,3,
/Users/Tim/Code/Github/BMPStaging/BMPpdfs/00962_StreamSetbackRegulation-Approved.pdf,kshaw,Acrobat PDFMaker 8.1 for Word,Acrobat Distiller 8.1.0 (Windows),,To: ,13,
/Users/Tim/Code/Github/BMPStaging/BMPpdfs/01745_FarmComposting.pdf,Unknown,Microsoft Word ,Acrobat PDFWriter 2.01 for Windows,,CM-97-3rpt.doc,48,
/Users/Tim/Code/Github/BMPStaging/BMPpdfs/00018_exposurereduct.pdf,aismac,PageMaker 6.5,Acrobat Distiller 3.01 for Power Macintosh,,exposurereduct,2,
/Users/Tim/Code/Github/BMPStaging/BMPpdfs/00864_erosion.pdf,wolf,streamnotes3.FH8,Acrobat PDFWriter 3.02 for Windows,,erosion,2,
/Users/Tim/Code/Github/BMPStaging/BMPpdfs/00927_ETOWAH.pdf,Seth Wenger,Acrobat PDFMaker 7.0.7 for Word,Acrobat Distiller 7.0.5 (Windows),,Riparian Buffer Ordinance,13,
/Users/Tim/Code/Github/BMPStaging/BMPpdfs/01157_to_001193_MidPen.pdf,,,,,,103,
/Users/Tim/Code/Github/BMPStaging/BMPpdfs/00123_pilingrevetment.pdf,aismac,PageMaker 6.5,Acrobat Distiller 3.01 for Power Macintosh,,pilingrevetment,2,
/Users/Tim/Code/Github/BMPStaging/BMPpdfs/01014_riparianwidths.pdf,Ellen Hawes,Acrobat PDFMaker 6.0 for Word,Acrobat Distiller 6.0 (Windows),,Riparian Buffer Zones:  Functions and Recommended Widths,15,
/Users/Tim/Code/Github/BMPStaging/BMPpdfs/01761_MinnesotaGrazing.pdf,"Kevin Blanchet, Howard Moechnig, and Jodi Dejong-Hughes",PageMaker 6.5,Acrobat Distiller 4.05 for Macintosh,,Grazing Systems Planning Guide - 07606,47,
/Users/Tim/Code/Github/BMPStaging/BMPpdfs/00713_Colorado.pdf,"The Colorado Division of Minerals and Geology. Designed by Notchcode Creative Services, LLC",,Acrobat Distiller 4.05 for Macintosh,,,44,
/Users/Tim/Code/Github/BMPStaging/BMPpdfs/00934_to_00939_VirginiaForestryA2.pdf,User,PScript5.dll Version 5.2,Acrobat Distiller 5.0 (Windows),,wq-BMP-Append-A2.pdf,12,
/Users/Tim/Code/Github/BMPStaging/BMPpdfs/01155_McCullahStreamRestoration.pdf,daria,PScript5.dll Version 5.2,Acrobat Distiller 5.0 (Windows),,Microsoft Word - Sulphur Creek Paper.doc,13,
/Users/Tim/Code/Github/BMPStaging/BMPpdfs/01990_rxfireguide.pdf,Fire Education Corps,Acrobat PDFMaker 8.1 for Word,Acrobat Distiller 8.1.0 (Windows),,Intro:,50,
/Users/Tim/Code/Github/BMPStaging/BMPpdfs/00050_exfiltration.pdf,aismac,PageMaker 6.5,Acrobat Distiller 3.01 for Power Macintosh,,exfiltration,2,
/Users/Tim/Code/Github/BMPStaging/BMPpdfs/00051_infiltrench.pdf,aismac,PageMaker 6.5,Acrobat Distiller 3.01 for Power Macintosh,,infiltrench,1,
/Users/Tim/Code/Github/BMPStaging/BMPpdfs/00097_logbrushrock.pdf,aismac,PageMaker 6.5,Acrobat Distiller 3.01 for Power Macintosh,,logbrushrock,2,
/Users/Tim/Code/Github/BMPStaging/BMPpdfs/01057_bufferUKY.pdf,,,,,,,An exception occured
/Users/Tim/Code/Github/BMPStaging/BMPpdfs/01431_TreeShrubPlanting.pdf,,Adobe InDesign CS2 (4.0.3),Adobe PDF Library 7.0,,,4,
/Users/Tim/Code/Github/BMPStaging/BMPpdfs/01105_GravelBerm.pdf,CDM,Acrobat PDFMaker 5.0 for Word,Acrobat Distiller 5.0 (Windows),,,3,
/Users/Tim/Code/Github/BMPStaging/BMPpdfs/01649_ColoradoStatePractices.pdf,Waskom,,Acrobat Distiller 2.0 for Windows,Crops,Best Management Practices for Agricultural Pesticide Use,17,
/Users/Tim/Code/Github/BMPStaging/BMPpdfs/00067_filterstrips.pdf,aismac,PageMaker 6.5,Acrobat Distiller 3.01 for Power Macintosh,,filterstrips,2,
/Users/Tim/Code/Github/BMPStaging/BMPpdfs/00052_isodivstructure.pdf,aismac,PageMaker 6.5,Acrobat Distiller 3.01 for Power Macintosh,,isodivstructure,3,
/Users/Tim/Code/Github/BMPStaging/BMPpdfs/00128_singlewing.pdf,aismac,PageMaker 6.5,Acrobat Distiller 3.01 for Power Macintosh,,singlewing,3,
/Users/Tim/Code/Github/BMPStaging/BMPpdfs/01703_to_01722_ShorelineStabilization.pdf,,,Acrobat Distiller 5.0.5 for Macintosh,,,54,
/Users/Tim/Code/Github/BMPStaging/BMPpdfs/00670_Fishpass22.pdf,Unknown,Microsoft Word ,Acrobat PDFWriter 3.02 for Windows,,Fish22,16,
/Users/Tim/Code/Github/BMPStaging/BMPpdfs/01970_FlagstaffAZFire.pdf,psummerf,Acrobat PDFMaker 6.0 for Word,Acrobat Distiller 6.0.1 (Windows),, ,37,
/Users/Tim/Code/Github/BMPStaging/BMPpdfs/01694_CSDEnhancingValue.pdf,Bdeaquino,Acrobat PDFMaker 6.0 for Word,Acrobat Distiller 6.0.1 (Windows),, ,5,
/Users/Tim/Code/Github/BMPStaging/BMPpdfs/01355_to_01386_PortandErosion.pdf,,PScript5.dll Version 5.2.2,Acrobat Distiller 8.0.0 (Windows),,Erosion Control Manual - 4/21/08,169,
/Users/Tim/Code/Github/BMPStaging/BMPpdfs/00919_Phillips et al.pdf,,,,,,14,
/Users/Tim/Code/Github/BMPStaging/BMPpdfs/00135_vegegeogrids.pdf,aismac,PageMaker 6.5,Acrobat Distiller 3.01 for Power Macintosh,,vegegeogrids,2,
/Users/Tim/Code/Github/BMPStaging/BMPpdfs/01756_KYalley.pdf,,,,,,,An exception occured
/Users/Tim/Code/Github/BMPStaging/BMPpdfs/00998_bufferguide.pdf,,bufferguide.doc - Microsoft Word,Acrobat PDFWriter 4.0 for Windows,,bufferguide,2,
/Users/Tim/Code/Github/BMPStaging/BMPpdfs/01149_KansasTreeShrubPlanting.pdf,Deborah Goard,Adobe InDesign CS2 (4.0.4),Adobe PDF Library 7.0,,MF2748 Riparian Buffers Best Management Practices: Tree and Shrub Planting ,4,
/Users/Tim/Code/Github/BMPStaging/BMPpdfs/01013_SAI.pdf,windows,Microsoft® Office Word 2007,Microsoft® Office Word 2007,TB11 – Use of conservation riparian buffer to preserve water quality ,Water Conservation                                         Technical Briefs,18,
/Users/Tim/Code/Github/BMPStaging/BMPpdfs/01968_FireManagement.pdf,Jim Mangi,Acrobat PDFMaker 5.0 for Word,Acrobat Distiller 5.0.5 (Windows),,LYNDON B,118,
/Users/Tim/Code/Github/BMPStaging/BMPpdfs/00098_main_hydrocon.pdf,aismac,PageMaker 6.5,Acrobat Distiller 3.01 for Power Macintosh,,main-hydrocon,1,
/Users/Tim/Code/Github/BMPStaging/BMPpdfs/01740_ContourFarmingKY.pdf,giulio.ferruzzi,PScript5.dll Version 5.2,Acrobat Distiller 6.0.1 (Windows),,Microsoft Word - 330KY0109.doc,3,
/Users/Tim/Code/Github/BMPStaging/BMPpdfs/00707_TPWD.pdf,Texas Parks and Wildlife Department,,Acrobat Distiller 7.0.5 for Macintosh,,Natural Resource Conservation Programs and Services for Texas Landowners,35,
/Users/Tim/Code/Github/BMPStaging/BMPpdfs/01993_TTUMesquite.pdf,cs1303,Acrobat PDFMaker 5.0 for Word,Acrobat Distiller 5.0.5 (Windows),,"Range, Wildlife and Fisheries Management",11,
/Users/Tim/Code/Github/BMPStaging/BMPpdfs/00496_Blinn_and_Kilgore_2001.pdf,,,,,,,An exception occured
/Users/Tim/Code/Github/BMPStaging/BMPpdfs/00084_undertheswale.pdf,aismac,PageMaker 6.5,Acrobat Distiller 3.01 for Power Macintosh,,undertheswale,2,
/Users/Tim/Code/Github/BMPStaging/BMPpdfs/00053_offlineinfilsys.pdf,aismac,PageMaker 6.5,Acrobat Distiller 3.01 for Power Macintosh,,offlineinfilsys,2,
/Users/Tim/Code/Github/BMPStaging/BMPpdfs/01299_to_01310_NewHampshireErosion.pdf,heather,QuarkXPress (tm) - [DOT Project Manual.qxd],Acrobat PDFWriter 4.05 for Windows NT,,DOT Project Manual.PDF,34,
/Users/Tim/Code/Github/BMPStaging/BMPpdfs/01102_filterBerms.pdf,,,,,,,An exception occured
/Users/Tim/Code/Github/BMPStaging/BMPpdfs/01978_KansasStateFireNotebook.pdf,Carol Blocksome et al.,Adobe Acrobat 8.0 Combine Files,Adobe Acrobat 8.0,Range and Pasture,"Prescribed Burning Notebook, Spring 2011",124,
/Users/Tim/Code/Github/BMPStaging/BMPpdfs/01603_BCwatering.pdf,BC Ministry of Agriculture,Acrobat PDFMaker 5.0 for Word,Acrobat Distiller 5.0.5 (Windows),Four projects which involved the installation of a water to reduce livestock use of watercourses that are not fenced.,Offstream Watering to Reduce Livestock Use of Watercourses and Riparian Areas,6,
/Users/Tim/Code/Github/BMPStaging/BMPpdfs/00482_bioticstreamclassification.pdf,,Capture Reviewer 2.01,Acrobat PDFWriter 3.03 for Windows,,,24,
/Users/Tim/Code/Github/BMPStaging/BMPpdfs/01199_MinnesotaSediment.pdf,Office of environmental Services,Acrobat PDFMaker 8.1 for Word,Acrobat Distiller 8.1.0 (Windows),"Erosion & Sediment Control Design Guidance, revised 1/1/2010",Minnensota Dept. of Transportation EROSION & SEDIMENT CONTROL DESIGN GUIDANCE ,33,
/Users/Tim/Code/Github/BMPStaging/BMPpdfs/01124_to_01126_IAMU_org.pdf,,,PDFXC Library (version 2.5).,,,9,
/Users/Tim/Code/Github/BMPStaging/BMPpdfs/01194_to_01198_MinnesotaErosion.pdf,dlh2,Adobe PageMaker 6.52,Acrobat Distiller 4.0 for Windows,STRUCTUR,STRUCTUR,12,
/Users/Tim/Code/Github/BMPStaging/BMPpdfs/00015_debrisremoval.pdf,aismac,PageMaker 6.5,Acrobat Distiller 3.01 for Power Macintosh,,debrisremoval,1,
/Users/Tim/Code/Github/BMPStaging/BMPpdfs/00110_brushmattress.pdf,aismac,PageMaker 6.5,Acrobat Distiller 3.01 for Power Macintosh,,brushmattress,2,
/Users/Tim/Code/Github/BMPStaging/BMPpdfs/01736_ArizonaGrazing.pdf,Administrator,Adobe PageMaker 6.52,Acrobat Distiller 4.0 for Windows,az1169,az1169,7,
/Users/Tim/Code/Github/BMPStaging/BMPpdfs/00920_Polster 2002.pdf,,,,,,,An exception occured
/Users/Tim/Code/Github/BMPStaging/BMPpdfs/01986_LAburn.pdf,,Adobe InDesign CS3 (5.0.3),Adobe PDF Library 8.0,,,20,
/Users/Tim/Code/Github/BMPStaging/BMPpdfs/00476_vegetatedfilterstrips.pdf,,,Acrobat Distiller 3.0 for Macintosh,,Vegetative Filter Strips for Improved Surface Water Quality,4,
/Users/Tim/Code/Github/BMPStaging/BMPpdfs/01966_FireFlorida.pdf,,,,,,5,
/Users/Tim/Code/Github/BMPStaging/BMPpdfs/01837_IPMElementsGuidelines.pdf,T.A. Green,Microsoft® Office Word 2007,Microsoft® Office Word 2007,,,28,
/Users/Tim/Code/Github/BMPStaging/BMPpdfs/01770_PestManagement.pdf,,,Acrobat Distiller 3.0 for Windows,,,6,
/Users/Tim/Code/Github/BMPStaging/BMPpdfs/01691_Conservation_Design_Resource_Manual.pdf,Krista Skach,QuarkXPress.: AdobePS 8.7.2 (104),Acrobat Distiller 5.0 for Macintosh,,NIPC Document,109,
/Users/Tim/Code/Github/BMPStaging/BMPpdfs/01760_MarylandCropRotation.pdf,,,,,,,An exception occured
/Users/Tim/Code/Github/BMPStaging/BMPpdfs/00008_topsoiling.pdf,aismac,PageMaker 6.5,Acrobat Distiller 3.01 for Power Macintosh,,topsoiling,5,
/Users/Tim/Code/Github/BMPStaging/BMPpdfs/00924_StreamBufferOrdinance.pdf,Anne L. Kruger,Acrobat PDFMaker 5.0 for Word,Acrobat Distiller 5.0 (Windows),,RIPARIAN BUFFER CONSERVATION ZONE,12,
/Users/Tim/Code/Github/BMPStaging/BMPpdfs/00114_groynes.pdf,aismac,PageMaker 6.5,Acrobat Distiller 3.01 for Power Macintosh,,groynes,2,
/Users/Tim/Code/Github/BMPStaging/BMPpdfs/01003_NRCSdesign.pdf,NRCS NE State Office,Acrobat PDFMaker 8.0 for Word,Acrobat Distiller 8.0.0 (Windows),391DP Riparian Forest Buffer Design Procedures ,Riparian Forest Buffer Design Procedures (391 DP),9,
/Users/Tim/Code/Github/BMPStaging/BMPpdfs/00087_wetpond.pdf,aismac,PageMaker 6.5,Acrobat Distiller 3.01 for Power Macintosh,,wetpond,2,
/Users/Tim/Code/Github/BMPStaging/BMPpdfs/01863_to_01924_WashingtonStreambank.pdf,Janet,Adobe PageMaker 6.52,Acrobat Distiller 4.0 for Macintosh,all_ISPG_cover_rev.pm,all_ISPG_cover_rev.pm,625,
/Users/Tim/Code/Github/BMPStaging/BMPpdfs/01100_EmprGovBcCa_erosion.pdf,"Saunders, Valery",Acrobat PDFMaker 5.0 for Word,Acrobat Distiller 5.0.5 (Windows),,Erosion,2,
/Users/Tim/Code/Github/BMPStaging/BMPpdfs/00957_OhioSetbakcs.pdf,Johannes Meiring,PScript5.dll Version 5.2.2,Acrobat Distiller 6.0.1 (Windows),,Microsoft Word - Riparian_Ohio_Regulation_Summary_June_2009.doc,11,
/Users/Tim/Code/Github/BMPStaging/BMPpdfs/01639_to_01641_ChesapeakePesticides.pdf,,Adobe InDesign CS4 (6.0.6),Adobe PDF Library 9.0,,,28,
/Users/Tim/Code/Github/BMPStaging/BMPpdfs/00988_Monitoring.pdf,USDA Forest Service - RMRS,Adobe PageMaker 7.0,Acrobat Distiller 5.0.5 for Macintosh,RMRS-GTR-47,Monitoring the vegetation resources in riparian areas,55,
/Users/Tim/Code/Github/BMPStaging/BMPpdfs/00723_Shoreland_walkway_standards.pdf,,ArcView Version 3.0,Acrobat Distiller 3.02,,,11,
/Users/Tim/Code/Github/BMPStaging/BMPpdfs/00996_FishBuffer.pdf,Department of Primary Industries and Fisheries,PScript5.dll Version 5.2,Acrobat Distiller 5.0 (Windows),,Fish habitat buffer zones,44,
/Users/Tim/Code/Github/BMPStaging/BMPpdfs/01682_IdahoPesticide.pdf,jfox,PScript5.dll Version 5.2.2,Acrobat Distiller 6.0 (Windows),,Microsoft Word - core bmp.doc,3,
/Users/Tim/Code/Github/BMPStaging/BMPpdfs/01430_TreeRevetments.pdf,,Adobe InDesign CS2 (4.0.3),Adobe PDF Library 7.0,,,2,
/Users/Tim/Code/Github/BMPStaging/BMPpdfs/01743_croprotationsfinaljan09.pdf,bsscott,PScript5.dll Version 5.2.2,Acrobat Distiller 8.1.0 (Windows),,Microsoft Word - CroprotationsFINALwordJan09,16,
/Users/Tim/Code/Github/BMPStaging/BMPpdfs/01995_WashingtonFishCulverts.pdf,WDFW,Microsoft Word: AdobePS 8.5.1,Acrobat Distiller 4.0 for Macintosh,,WDFW Design of Road Culverts for Fish Passage,112,
/Users/Tim/Code/Github/BMPStaging/BMPpdfs/01983_PARC_Prescribed_Burning_Guidelines_Final_Edition_10-11-09.pdf,David Mifsud,Writer,OpenOffice.org 3.0,,Prescribed Fire Use and Important Management Consideration for Amphibians and Reptiles within the Midwest,10,
/Users/Tim/Code/Github/BMPStaging/BMPpdfs/00133_turf.pdf,aismac,PageMaker 6.5,Acrobat Distiller 3.01 for Power Macintosh,,turf,1,
/Users/Tim/Code/Github/BMPStaging/BMPpdfs/00011_chiseling.pdf,aismac,PageMaker 6.5,Acrobat Distiller 3.01 for Power Macintosh,,chiseling,1,
/Users/Tim/Code/Github/BMPStaging/BMPpdfs/00671_to_00704_RoadMaintenance.pdf,Donna Hempstead,Acrobat PDFMaker 7.0.5 for Word,Acrobat Distiller 7.0.5 (Windows),,Washington County DLUT,64,
/Users/Tim/Code/Github/BMPStaging/BMPpdfs/01555_to_1569_WestVirginaForestry.pdf,,Adobe InDesign CS3 (5.0.4),Adobe PDF Library 8.0,,,38,
/Users/Tim/Code/Github/BMPStaging/BMPpdfs/00947_to_00949_VirginiaForestryA5.pdf,User,PScript5.dll Version 5.2,Acrobat Distiller 5.0 (Windows),,wq-BMP-Append-A5.pdf,6,
/Users/Tim/Code/Github/BMPStaging/BMPpdfs/01006_Riparian.pdf,,,,,,,An exception occured
/Users/Tim/Code/Github/BMPStaging/BMPpdfs/00044_waterbar.pdf,aismac,PageMaker 6.5,Acrobat Distiller 3.01 for Power Macintosh,,waterbar,3,
/Users/Tim/Code/Github/BMPStaging/BMPpdfs/00119_livestakes.pdf,aismac,PageMaker 6.5,Acrobat Distiller 3.01 for Power Macintosh,,livestakes,2,
/Users/Tim/Code/Github/BMPStaging/BMPpdfs/01016_Abbotsford.pdf,tbettles,Acrobat PDFMaker 7.0.7 for Word,Acrobat Distiller 7.0.5 (Windows),,EROSION AND SEDIMENT CONTROL BEST MANAGEMENT PRACTICES FOR BUILDING SITES,6,
/Users/Tim/Code/Github/BMPStaging/BMPpdfs/01982_OregonCorridors.pdf,,,,,,,An exception occured
/Users/Tim/Code/Github/BMPStaging/BMPpdfs/01758_managingsoilsforgrazing.pdf,,Adobe InDesign CS3 (5.0),Adobe PDF Library 8.0,,Managing Soils for Greater Grazing Productivity,8,
/Users/Tim/Code/Github/BMPStaging/BMPpdfs/01217_to_01298_NevadaHandbook.pdf,John Walker,Acrobat PDFMaker 6.0 for Word,Acrobat Distiller 6.0 (Windows),,R,524,
/Users/Tim/Code/Github/BMPStaging/BMPpdfs/01328_NRCSriparianSouthwest.pdf,cindy.nycz,PScript5.dll Version 5.2.2,Acrobat Distiller 6.0 (Windows),,Microsoft PowerPoint - riparian.ppt,2,
/Users/Tim/Code/Github/BMPStaging/BMPpdfs/00106_bagrevetment.pdf,aismac,PageMaker 6.5,Acrobat Distiller 3.01 for Power Macintosh,,bagrevetment,2,
/Users/Tim/Code/Github/BMPStaging/BMPpdfs/01332_OhioDeflectors.pdf,NR733G3,Adobe PageMaker 6.52,Acrobat Distiller 3.0 for Power Macintosh,,stfs19,3,
/Users/Tim/Code/Github/BMPStaging/BMPpdfs/01746_wildlifeculvert.pdf,,,,,,,An exception occured
/Users/Tim/Code/Github/BMPStaging/BMPpdfs/01104_Glasgow.pdf,john,PScript5.dll Version 5.2.2,Acrobat Distiller 7.0.5 (Windows),,Microsoft Word - Section 1 Introduction Customized for Glasgow,9,
/Users/Tim/Code/Github/BMPStaging/BMPpdfs/00062_compostfilt.pdf,aismac,PageMaker 6.5,Acrobat Distiller 3.01 for Power Macintosh,,compostfilt,1,
/Users/Tim/Code/Github/BMPStaging/BMPpdfs/00071_oilwatersep.pdf,,,Acrobat Distiller 4.0 for Windows,,,4,
/Users/Tim/Code/Github/BMPStaging/BMPpdfs/00065_dryextdetent.pdf,aismac,PageMaker 6.5,Acrobat Distiller 3.01 for Power Macintosh,,dryextdetent,2,
/Users/Tim/Code/Github/BMPStaging/BMPpdfs/01401_SpringfieldMO_erosion.pdf,anickolotsky,Acrobat PDFMaker 8.1 for Word,Acrobat Distiller 8.1.0 (Windows),,,1,
/Users/Tim/Code/Github/BMPStaging/BMPpdfs/00915_model_ordinance.pdf,,,,,,,An exception occured
/Users/Tim/Code/Github/BMPStaging/BMPpdfs/01752_GrazingSystems.pdf,Administrator,Adobe PageMaker 6.52,Acrobat Distiller 4.0 for Windows,az1169,az1169,7,
/Users/Tim/Code/Github/BMPStaging/BMPpdfs/01329_Ohio.pdf,NR733G3,Adobe PageMaker 6.52,Acrobat Distiller 3.0 for Power Macintosh,,stfs07,2,
/Users/Tim/Code/Github/BMPStaging/BMPpdfs/00096_jointplant.pdf,aismac,PageMaker 6.5,Acrobat Distiller 3.01 for Power Macintosh,,jointplant,1,
/Users/Tim/Code/Github/BMPStaging/BMPpdfs/00807_to_00821_Stream_guide.pdf,G4,QuarkXPress(tm) 5.0,Acrobat Distiller 4.05 for Macintosh,,stream guide_final,72,
/Users/Tim/Code/Github/BMPStaging/BMPpdfs/01012_StroudPreserve.pdf,,QuarkXPress(tm) 6.52,QuarkXPress(tm) 6.52,,  SPBrochure,2,
/Users/Tim/Code/Github/BMPStaging/BMPpdfs/00036_lowwallslopeface.pdf,aismac,PageMaker 6.5,Acrobat Distiller 3.01 for Power Macintosh,,lowwallslopeface,1,
/Users/Tim/Code/Github/BMPStaging/BMPpdfs/01096_ColoradoPlantOilGas.pdf,abc,Acrobat PDFMaker 8.1 for Word,Acrobat Distiller 8.1.0 (Windows),,COLORADO RARE PLANT INITITAVE,14,
/Users/Tim/Code/Github/BMPStaging/BMPpdfs/00090_boulderweir.pdf,aismac,PageMaker 6.5,Acrobat Distiller 3.01 for Power Macintosh,,boulderweir,6,
/Users/Tim/Code/Github/BMPStaging/BMPpdfs/01969_Fishpass22.pdf,Unknown,Microsoft Word ,Acrobat PDFWriter 3.02 for Windows,,Fish22,16,
/Users/Tim/Code/Github/BMPStaging/BMPpdfs/01776_StripCropNRCS.pdf,Natural Resources Conservation Service,Acrobat PDFMaker 6.0 for Word,Acrobat Distiller 6.0.1 (Windows),National Conservation Practice Standards,Contour Stripcropping National Practice Standard,4,
/Users/Tim/Code/Github/BMPStaging/BMPpdfs/00074_perimetersandfil.pdf,aismac,PageMaker 6.5,Acrobat Distiller 3.01 for Power Macintosh,,perimetersandfil,2,
/Users/Tim/Code/Github/BMPStaging/BMPpdfs/00131_tieredwallbench.pdf,aismac,PageMaker 6.5,Acrobat Distiller 3.01 for Power Macintosh,,tieredwallbench,1,
/Users/Tim/Code/Github/BMPStaging/BMPpdfs/01400_SoundNativePlants_Fascines.pdf,Administrator,PScript5.dll Version 5.2.2,Acrobat Distiller 5.0.5 (Windows),,Microsoft Word - Fascine installation.doc,1,
/Users/Tim/Code/Github/BMPStaging/BMPpdfs/01598_BrushManagementNRCS.pdf,jeff.repp,Acrobat PDFMaker 9.0 for Word,Acrobat Distiller 9.0.0 (Windows),,BRUSH MANAGEMENT,1,
/Users/Tim/Code/Github/BMPStaging/BMPpdfs/00101_trashcatcher.pdf,aismac,PageMaker 6.5,Acrobat Distiller 3.01 for Power Macintosh,,trashcatcher,2,
/Users/Tim/Code/Github/BMPStaging/BMPpdfs/00006_strawbale.pdf,aismac,PageMaker 6.5,Acrobat Distiller 3.01 for Power Macintosh,,strawbale,2,
/Users/Tim/Code/Github/BMPStaging/BMPpdfs/01642_to_01648_ColoradoStatePesticide.pdf,,Adobe InDesign CS3 (5.0.4),Adobe PDF Library 8.0,,,15,
/Users/Tim/Code/Github/BMPStaging/BMPpdfs/00850_to_00862_riparianconservation.pdf,jcowdric,Adobe PageMaker 7.0,Acrobat Distiller 6.0 (Windows),2006RiparianGuidebook_Cover,2006RiparianGuidebook_Cover,54,
/Users/Tim/Code/Github/BMPStaging/BMPpdfs/00914_MarinCountyOrdinances.pdf,cchoo,PScript5.dll Version 5.2.2,Acrobat Distiller 8.1.0 (Windows),,Microsoft Word - Marin Co Policy Code Summary 10-15.doc,4,
/Users/Tim/Code/Github/BMPStaging/BMPpdfs/00381_to_00419_AgriLife_stormwater.pdf,,Adobe InDesign CS3 (5.0.3),Adobe PDF Library 8.0,,,20,
/Users/Tim/Code/Github/BMPStaging/BMPpdfs/01097_COrevegetation.pdf,kld,ADOBEPS4.DRV Version 4.10,Acrobat Distiller 3.01 for Windows,,Microsoft Word - Revegetation.doc,269,
/Users/Tim/Code/Github/BMPStaging/BMPpdfs/00722_villaparkpolicestationurbanbmpdemoproject.pdf,tprice,PScript5.dll Version 5.2,Acrobat Distiller 5.0 (Windows),,Microsoft Word - 319 report 3.doc,26,
/Users/Tim/Code/Github/BMPStaging/BMPpdfs/00104_cutoffways.pdf,aismac,PageMaker 6.5,Acrobat Distiller 3.01 for Power Macintosh,,cutoffways,1,
/Users/Tim/Code/Github/BMPStaging/BMPpdfs/01835_EPAWetlands.pdf,"US EPA, Office of Water (OW)",,Acrobat PDFWriter 3.03 for Windows; modified using iText® 5.1.0 ©2000-2011 1T3XT BVBA,This document is designed to assist managers in making informed decisions concerning the appropriate use of BMPs to protect existing wetland resources.,Protecting Natural Wetlands: A Guide to Stormwater Best Management Practices,181,
/Users/Tim/Code/Github/BMPStaging/BMPpdfs/00021_landscape.pdf,aismac,PageMaker 6.5,Acrobat Distiller 3.01 for Power Macintosh,,landscape,1,
/Users/Tim/Code/Github/BMPStaging/BMPpdfs/00042_stonerevet.pdf,aismac,PageMaker 6.5,Acrobat Distiller 3.01 for Power Macintosh,,stonerevet,2,
/Users/Tim/Code/Github/BMPStaging/BMPpdfs/01763_NMgrazing.pdf,"L.M. Lauriault, J.E. Sawyer, and R.D. Baker",,Acrobat Distiller 4.0 for Macintosh,Livestock and Range,Grazing Systems and Management for Irrigated Pastures in New Mexico,17,
/Users/Tim/Code/Github/BMPStaging/BMPpdfs/01570_WichitaFallsDike.pdf,,,OpenOffice.org 1.1.0,,,1,
/Users/Tim/Code/Github/BMPStaging/BMPpdfs/01962_brush_management.pdf,,,Acrobat Distiller 5.0 for Macintosh,,,17,
/Users/Tim/Code/Github/BMPStaging/BMPpdfs/00558_to_00563_wetlandswatershed.pdf,,,,,,,An exception occured
/Users/Tim/Code/Github/BMPStaging/BMPpdfs/01782_USDOTfishpassage.pdf,FHWA,PScript5.dll Version 5.2.2,Acrobat Distiller 7.0.5 (Windows),,Design for Fish Passage at Roadway-Stream Crossings: Synthesis Report,280,
/Users/Tim/Code/Github/BMPStaging/BMPpdfs/00481_designrecommendationsripariancorridors.pdf,u4ercvld,Microsoft Word ,Acrobat PDFWriter 4.0 for Windows,,sr24.PDF,17,
/Users/Tim/Code/Github/BMPStaging/BMPpdfs/01728_NYcrossings.pdf,calyons,PScript5.dll Version 5.2.2,Acrobat Distiller 8.1.0 (Windows),"best management practices & guidelines for designing, installing, replacing stream crossings",Stream Crossings:  Guidelines and Best Management Practices,2,
/Users/Tim/Code/Github/BMPStaging/BMPpdfs/00032_gradestabilize.pdf,,,Acrobat Distiller 4.0 for Windows,,,6,
/Users/Tim/Code/Github/BMPStaging/BMPpdfs/00063_constwetland.pdf,aismac,PageMaker 6.5,Acrobat Distiller 3.01 for Power Macintosh,,constwetland,2,
/Users/Tim/Code/Github/BMPStaging/BMPpdfs/01151_MaineBerm.pdf,mgilbertson,PScript5.dll Version 5.2,Acrobat Distiller 6.0.1 (Windows),,Microsoft Word - CONSTRUCTION BMPS no background.doc,2,
/Users/Tim/Code/Github/BMPStaging/BMPpdfs/00012_cisterns.pdf,aismac,PageMaker 6.5,Acrobat Distiller 3.01 for Power Macintosh,,cisterns,2,
/Users/Tim/Code/Github/BMPStaging/BMPpdfs/01651_to_01681_GreenIndustries.pdf,Jane Clary,Acrobat PDFMaker 5.0 for Word,Acrobat Distiller 5.0.5 (Windows),,Pesticide Application,197,
/Users/Tim/Code/Github/BMPStaging/BMPpdfs/00865_Fencing.pdf,,Adobe InDesign CS2 (4.0.4),Adobe PDF Library 7.0,,"MF2752 Riparian Buffers, Best Management Practices: Fencing",2,
/Users/Tim/Code/Github/BMPStaging/BMPpdfs/01980_OklahomaRedCedar.pdf,,Adobe InDesign 2.0.1,Adobe PDF Library 5.0,,F-2876web,4,
/Users/Tim/Code/Github/BMPStaging/BMPpdfs/00086_wetbiofiltswale.pdf,aismac,PageMaker 6.5,Acrobat Distiller 3.01 for Power Macintosh,,wetbiofiltswale,3,
/Users/Tim/Code/Github/BMPStaging/BMPpdfs/01152_MaineRipRap.pdf,charlesn,Microsoft Word,Acrobat PDFWriter 5.0 for Windows,,RIPRAP FOR STREAMBANK PROTECTION _9_.doc,4,
/Users/Tim/Code/Github/BMPStaging/BMPpdfs/00480_sandbarwillow.pdf,UNKNOWN,PScript5.dll Version 5.2,Acrobat Distiller 5.0 (Windows),,WQTNMS06.CHP:Corel VENTURA,18,
/Users/Tim/Code/Github/BMPStaging/BMPpdfs/01751_Grazing_Ag_Arizonia_edu.pdf,,,Acrobat Distiller 2.0 for Power Macintosh,,,10,
/Users/Tim/Code/Github/BMPStaging/BMPpdfs/00137_const_tec_trees.pdf,aismac,PageMaker 6.5,Acrobat Distiller 3.01 for Power Macintosh,,const-tec-trees,1,
/Users/Tim/Code/Github/BMPStaging/BMPpdfs/01436_to_01489_Vancouver.pdf,Angie Davies,Microsoft Word 8.0,Acrobat Distiller 4.0 for Windows,,Stormwater - Best Management Practices Guide,74,
/Users/Tim/Code/Github/BMPStaging/BMPpdfs/01768_PennStateComposting.pdf,mxh16,PageMaker 7.0,Acrobat Distiller 7.0.5 (Windows),,C3.pmd,4,
/Users/Tim/Code/Github/BMPStaging/BMPpdfs/00705_Fish_Passage_Policy_Final_2nd_Edition_w_cover2.pdf,ben.condon,PScript5.dll Version 5.2.2,Acrobat Distiller 6.0 (Windows),,Microsoft Word - Final 2nd Edition w cover 2.doc,87,
/Users/Tim/Code/Github/BMPStaging/BMPpdfs/01957_WateringGrazing_caes_uga_edu.pdf,,,,,,6,
/Users/Tim/Code/Github/BMPStaging/BMPpdfs/01862_WashingtonCulverts.pdf,WDFW,Microsoft Word: AdobePS 8.5.1,Acrobat Distiller 4.0 for Macintosh,,WDFW Design of Road Culverts for Fish Passage,112,
/Users/Tim/Code/Github/BMPStaging/BMPpdfs/01008_riparian_design.pdf,cfansstudent1,PScript5.dll Version 5.2.2,Acrobat Distiller 8.1.0 (Windows),,riparian_2.07.indd,8,
/Users/Tim/Code/Github/BMPStaging/BMPpdfs/01775_StepsGrazing.pdf,Sookyoung Cho,Adobe PageMaker 6.5,Acrobat Distiller 3.0 for Power Macintosh,#43,#43,4,
/Users/Tim/Code/Github/BMPStaging/BMPpdfs/01130_IowaStateCTRE_Fascines.pdf,petersen,Acrobat PDFMaker 7.0.5 for Word,Acrobat Distiller 7.0.5 (Windows),,How to Control Streambank Erosion,3,
/Users/Tim/Code/Github/BMPStaging/BMPpdfs/00430f_RiparianIndex.pdf,,Adobe InDesign CS3 (5.0.2),Adobe PDF Library 8.0,,,3,
/Users/Tim/Code/Github/BMPStaging/BMPpdfs/01389_ShadeOptions.pdf,,,Acrobat Distiller 4.05 for Windows,,,11,
/Users/Tim/Code/Github/BMPStaging/BMPpdfs/01741_ContourFarmingNRCS.pdf,ksmith,Microsoft Word ,Acrobat PDFWriter 2.0 for Windows,,330CPPE.DOC,1,
/Users/Tim/Code/Github/BMPStaging/BMPpdfs/01650_FloridaAgrichemical.pdf,,,Acrobat Distiller 4.05 for Windows,,,51,
/Users/Tim/Code/Github/BMPStaging/BMPpdfs/01748_FloridaAlley.pdf,chubby,PScript5.dll Version 5.2.2,Acrobat Distiller 7.0 (Windows),,FR14200.pdf,4,
/Users/Tim/Code/Github/BMPStaging/BMPpdfs/00047_diversion_chan.pdf,aismac,PageMaker 6.5,Acrobat Distiller 3.01 for Power Macintosh,,diversion-chan,2,
/Users/Tim/Code/Github/BMPStaging/BMPpdfs/01987_RangeBurningTexas.pdf,Texas Parks and Wildlife Department,Microsoft Word 9.0,Acrobat Distiller 4.05 for Windows,Prescribed Range Burning in Texas,Prescribed Range Burning in Texas,16,
/Users/Tim/Code/Github/BMPStaging/BMPpdfs/00126_riparianzone.pdf,aismac,PageMaker 6.5,Acrobat Distiller 3.01 for Power Macintosh,,riparianzone,4,
/Users/Tim/Code/Github/BMPStaging/BMPpdfs/02001_WisconsinPrescribedBurning.PDF,,,,,,,An exception occured
/Users/Tim/Code/Github/BMPStaging/BMPpdfs/01426_TimberStandImprovement.pdf,,Adobe InDesign CS2 (4.0.3),Adobe PDF Library 7.0,,,4,
/Users/Tim/Code/Github/BMPStaging/BMPpdfs/01974_GrowingGrasslandBirds.pdf,,Adobe Acrobat 7.0,Adobe Acrobat 7.0,,,16,
/Users/Tim/Code/Github/BMPStaging/BMPpdfs/00961_Montana.pdf,Montana Audubon,Acrobat PDFMaker 9.1 for Excel,Acrobat Distiller 9.0.0 (Windows),,,6,
/Users/Tim/Code/Github/BMPStaging/BMPpdfs/01101_FERC.pdf,kstratton,Microsoft Word - Revegetation & Wetlands Mgmt Plan without App A&B ,ScanSoft PDF Create! 5,,Microsoft Word - Revegetation & Wetlands Mgmt Plan without App A&B ,56,
/Users/Tim/Code/Github/BMPStaging/BMPpdfs/00724_GuidetoBottomlandHardwoodRestoraion/Chapters 5-8.pdf,HoytS,PScript5.dll Version 5.2,Acrobat Distiller 6.0 (Windows),,ReforestationBook.pdf,27,
/Users/Tim/Code/Github/BMPStaging/BMPpdfs/00724_GuidetoBottomlandHardwoodRestoraion/Title & Preface.pdf,,Adobe InDesign CS (3.0),Adobe PDF Library 6.0,,RevisedReforestPrelim.indd,7,
/Users/Tim/Code/Github/BMPStaging/BMPpdfs/00724_GuidetoBottomlandHardwoodRestoraion/Chapters 13-14.pdf,HoytS,PScript5.dll Version 5.2,Acrobat Distiller 6.0 (Windows),,ReforestationBook.pdf,25,
/Users/Tim/Code/Github/BMPStaging/BMPpdfs/00724_GuidetoBottomlandHardwoodRestoraion/reforest-covers3-4.pdf,HoytS,PScript5.dll Version 5.2,Acrobat Distiller 6.0 (Windows),,reforest-covers3-4.pdf,2,
/Users/Tim/Code/Github/BMPStaging/BMPpdfs/00724_GuidetoBottomlandHardwoodRestoraion/Appendices A-E.pdf,HoytS,PScript5.dll Version 5.2,Acrobat Distiller 6.0 (Windows),,ReforestationBook.pdf,31,
/Users/Tim/Code/Github/BMPStaging/BMPpdfs/00724_GuidetoBottomlandHardwoodRestoraion/Chapters 9-12.pdf,HoytS,PScript5.dll Version 5.2,Acrobat Distiller 6.0 (Windows),,ReforestationBook.pdf,16,
/Users/Tim/Code/Github/BMPStaging/BMPpdfs/00724_GuidetoBottomlandHardwoodRestoraion/reforest-cover1.pdf,,,Acrobat Distiller 6.0 (Windows),,untitled,1,
/Users/Tim/Code/Github/BMPStaging/BMPpdfs/00724_GuidetoBottomlandHardwoodRestoraion/Chapters 1-4.pdf,HoytS,PScript5.dll Version 5.2,Acrobat Distiller 6.0 (Windows),,ReforestationBook.pdf,33,
